DATAFLOW,LAST UPDATE,freq,unit,sex,age,geo,TIME_PERIOD,OBS_VALUE,OBS_FLAG,CONF_STATUS
ESTAT:EDAT_LFSE_16(1.0),16/04/26 23:00:00,Annual,Percentage,Total,From 18 to 24 years,Austria,2024,8.1,,
ESTAT:EDAT_LFSE_16(1.0),16/04/26 23:00:00,Annual,Percentage,Total,From 18 to 24 years,Ostösterreich,2024,9.2,,
ESTAT:EDAT_LFSE_16(1.0),16/04/26 23:00:00,Annual,Percentage,Total,From 18 to 24 years,Burgenland,2024,,u,
ESTAT:EDAT_LFSE_16(1.0),16/04/26 23:00:00,Annual,Percentage,Total,From 18 to 24 years,Niederösterreich,2024,5.6,,
ESTAT:EDAT_LFSE_16(1.0),16/04/26 23:00:00,Annual,Percentage,Total,From 18 to 24 years,Wien,2024,11.9,,
ESTAT:EDAT_LFSE_16(1.0),16/04/26 23:00:00,Annual,Percentage,Total,From 18 to 24 years,Südösterreich,2024,5.5,,
ESTAT:EDAT_LFSE_16(1.0),16/04/26 23:00:00,Annual,Percentage,Total,From 18 to 24 years,Kärnten,2024,,u,
ESTAT:EDAT_LFSE_16(1.0),16/04/26 23:00:00,Annual,Percentage,Total,From 18 to 24 years,Steiermark,2024,5.2,u,
ESTAT:EDAT_LFSE_16(1.0),16/04/26 23:00:00,Annual,Percentage,Total,From 18 to 24 years,Westösterreich,2024,7.9,,
ESTAT:EDAT_LFSE_16(1.0),16/04/26 23:00:00,Annual,Percentage,Total,From 18 to 24 years,Oberösterreich,2024,8.4,,
ESTAT:EDAT_LFSE_16(1.0),16/04/26 23:00:00,Annual,Percentage,Total,From 18 to 24 years,Salzburg,2024,,u,
ESTAT:EDAT_LFSE_16(1.0),16/04/26 23:00:00,Annual,Percentage,Total,From 18 to 24 years,Tirol,2024,6.4,u,
ESTAT:EDAT_LFSE_16(1.0),16/04/26 23:00:00,Annual,Percentage,Total,From 18 to 24 years,Vorarlberg,2024,11.7,u,
ESTAT:EDAT_LFSE_16(1.0),16/04/26 23:00:00,Annual,Percentage,Total,From 18 to 24 years,Bosnia and Herzegovina,2024,3.8,,
ESTAT:EDAT_LFSE_16(1.0),16/04/26 23:00:00,Annual,Percentage,Total,From 18 to 24 years,Belgium,2024,7.0,b,
ESTAT:EDAT_LFSE_16(1.0),16/04/26 23:00:00,Annual,Percentage,Total,From 18 to 24 years,Région de Bruxelles-Capitale/Brussels Hoofdstedelijk Gewest,2024,9.8,b,
ESTAT:EDAT_LFSE_16(1.0),16/04/26 23:00:00,Annual,Percentage,Total,From 18 to 24 years,Vlaams Gewest,2024,5.8,b,
ESTAT:EDAT_LFSE_16(1.0),16/04/26 23:00:00,Annual,Percentage,Total,From 18 to 24 years,Prov. Antwerpen,2024,7.9,b,
ESTAT:EDAT_LFSE_16(1.0),16/04/26 23:00:00,Annual,Percentage,Total,From 18 to 24 years,Prov. Limburg (BE),2024,4.5,bu,
ESTAT:EDAT_LFSE_16(1.0),16/04/26 23:00:00,Annual,Percentage,Total,From 18 to 24 years,Prov. Oost-Vlaanderen,2024,4.7,b,
ESTAT:EDAT_LFSE_16(1.0),16/04/26 23:00:00,Annual,Percentage,Total,From 18 to 24 years,Prov. Vlaams-Brabant,2024,3.6,bu,
ESTAT:EDAT_LFSE_16(1.0),16/04/26 23:00:00,Annual,Percentage,Total,From 18 to 24 years,Prov. West-Vlaanderen,2024,7.1,b,
ESTAT:EDAT_LFSE_16(1.0),16/04/26 23:00:00,Annual,Percentage,Total,From 18 to 24 years,Région wallonne,2024,8.1,b,
ESTAT:EDAT_LFSE_16(1.0),16/04/26 23:00:00,Annual,Percentage,Total,From 18 to 24 years,Prov. Brabant wallon,2024,7.3,bu,
ESTAT:EDAT_LFSE_16(1.0),16/04/26 23:00:00,Annual,Percentage,Total,From 18 to 24 years,Prov. Hainaut,2024,8.6,b,
ESTAT:EDAT_LFSE_16(1.0),16/04/26 23:00:00,Annual,Percentage,Total,From 18 to 24 years,Prov. Liège,2024,7.3,b,
ESTAT:EDAT_LFSE_16(1.0),16/04/26 23:00:00,Annual,Percentage,Total,From 18 to 24 years,Prov. Luxembourg (BE),2024,9.4,bu,
ESTAT:EDAT_LFSE_16(1.0),16/04/26 23:00:00,Annual,Percentage,Total,From 18 to 24 years,Prov. Namur,2024,8.6,bu,
ESTAT:EDAT_LFSE_16(1.0),16/04/26 23:00:00,Annual,Percentage,Total,From 18 to 24 years,Bulgaria,2024,8.2,b,
ESTAT:EDAT_LFSE_16(1.0),16/04/26 23:00:00,Annual,Percentage,Total,From 18 to 24 years,Severna i Yugoiztochna Bulgaria,2024,13.4,b,
ESTAT:EDAT_LFSE_16(1.0),16/04/26 23:00:00,Annual,Percentage,Total,From 18 to 24 years,Severozapaden,2024,11.2,bu,
ESTAT:EDAT_LFSE_16(1.0),16/04/26 23:00:00,Annual,Percentage,Total,From 18 to 24 years,Severen tsentralen,2024,9.9,bu,
ESTAT:EDAT_LFSE_16(1.0),16/04/26 23:00:00,Annual,Percentage,Total,From 18 to 24 years,Severoiztochen,2024,13.9,bu,
ESTAT:EDAT_LFSE_16(1.0),16/04/26 23:00:00,Annual,Percentage,Total,From 18 to 24 years,Yugoiztochen,2024,18.1,b,
ESTAT:EDAT_LFSE_16(1.0),16/04/26 23:00:00,Annual,Percentage,Total,From 18 to 24 years,Yugozapadna i Yuzhna tsentralna Bulgaria,2024,4.5,b,
ESTAT:EDAT_LFSE_16(1.0),16/04/26 23:00:00,Annual,Percentage,Total,From 18 to 24 years,Yugozapaden,2024,2.9,bu,
ESTAT:EDAT_LFSE_16(1.0),16/04/26 23:00:00,Annual,Percentage,Total,From 18 to 24 years,Yuzhen tsentralen,2024,9.0,bu,
ESTAT:EDAT_LFSE_16(1.0),16/04/26 23:00:00,Annual,Percentage,Total,From 18 to 24 years,Switzerland,2024,5.7,,
ESTAT:EDAT_LFSE_16(1.0),16/04/26 23:00:00,Annual,Percentage,Total,From 18 to 24 years,Schweiz/Suisse/Svizzera,2024,5.7,,
ESTAT:EDAT_LFSE_16(1.0),16/04/26 23:00:00,Annual,Percentage,Total,From 18 to 24 years,Région lémanique,2024,7.3,,
ESTAT:EDAT_LFSE_16(1.0),16/04/26 23:00:00,Annual,Percentage,Total,From 18 to 24 years,Espace Mittelland,2024,6.3,,
ESTAT:EDAT_LFSE_16(1.0),16/04/26 23:00:00,Annual,Percentage,Total,From 18 to 24 years,Nordwestschweiz,2024,5.1,u,
ESTAT:EDAT_LFSE_16(1.0),16/04/26 23:00:00,Annual,Percentage,Total,From 18 to 24 years,Zürich,2024,5.7,,
ESTAT:EDAT_LFSE_16(1.0),16/04/26 23:00:00,Annual,Percentage,Total,From 18 to 24 years,Ostschweiz,2024,3.9,u,
ESTAT:EDAT_LFSE_16(1.0),16/04/26 23:00:00,Annual,Percentage,Total,From 18 to 24 years,Zentralschweiz,2024,4.1,u,
ESTAT:EDAT_LFSE_16(1.0),16/04/26 23:00:00,Annual,Percentage,Total,From 18 to 24 years,Ticino,2024,6.2,u,
ESTAT:EDAT_LFSE_16(1.0),16/04/26 23:00:00,Annual,Percentage,Total,From 18 to 24 years,Cyprus,2024,11.3,,
ESTAT:EDAT_LFSE_16(1.0),16/04/26 23:00:00,Annual,Percentage,Total,From 18 to 24 years,Kýpros,2024,11.3,,
ESTAT:EDAT_LFSE_16(1.0),16/04/26 23:00:00,Annual,Percentage,Total,From 18 to 24 years,Czechia,2024,5.4,,
ESTAT:EDAT_LFSE_16(1.0),16/04/26 23:00:00,Annual,Percentage,Total,From 18 to 24 years,Česko,2024,5.4,,
ESTAT:EDAT_LFSE_16(1.0),16/04/26 23:00:00,Annual,Percentage,Total,From 18 to 24 years,Praha,2024,1.3,u,
ESTAT:EDAT_LFSE_16(1.0),16/04/26 23:00:00,Annual,Percentage,Total,From 18 to 24 years,Střední Čechy,2024,6.1,,
ESTAT:EDAT_LFSE_16(1.0),16/04/26 23:00:00,Annual,Percentage,Total,From 18 to 24 years,Jihozápad,2024,7.9,,
ESTAT:EDAT_LFSE_16(1.0),16/04/26 23:00:00,Annual,Percentage,Total,From 18 to 24 years,Severozápad,2024,11.6,,
ESTAT:EDAT_LFSE_16(1.0),16/04/26 23:00:00,Annual,Percentage,Total,From 18 to 24 years,Severovýchod,2024,5.5,,
ESTAT:EDAT_LFSE_16(1.0),16/04/26 23:00:00,Annual,Percentage,Total,From 18 to 24 years,Jihovýchod,2024,2.7,,
ESTAT:EDAT_LFSE_16(1.0),16/04/26 23:00:00,Annual,Percentage,Total,From 18 to 24 years,Střední Morava,2024,4.3,,
ESTAT:EDAT_LFSE_16(1.0),16/04/26 23:00:00,Annual,Percentage,Total,From 18 to 24 years,Moravskoslezsko,2024,5.1,,
ESTAT:EDAT_LFSE_16(1.0),16/04/26 23:00:00,Annual,Percentage,Total,From 18 to 24 years,Germany,2024,12.9,b,
ESTAT:EDAT_LFSE_16(1.0),16/04/26 23:00:00,Annual,Percentage,Total,From 18 to 24 years,Baden-Württemberg,2024,11.5,b,
ESTAT:EDAT_LFSE_16(1.0),16/04/26 23:00:00,Annual,Percentage,Total,From 18 to 24 years,Stuttgart,2024,13.1,b,
ESTAT:EDAT_LFSE_16(1.0),16/04/26 23:00:00,Annual,Percentage,Total,From 18 to 24 years,Karlsruhe,2024,12.2,b,
ESTAT:EDAT_LFSE_16(1.0),16/04/26 23:00:00,Annual,Percentage,Total,From 18 to 24 years,Freiburg,2024,11.2,bu,
ESTAT:EDAT_LFSE_16(1.0),16/04/26 23:00:00,Annual,Percentage,Total,From 18 to 24 years,Tübingen,2024,7.8,bu,
ESTAT:EDAT_LFSE_16(1.0),16/04/26 23:00:00,Annual,Percentage,Total,From 18 to 24 years,Bayern,2024,10.0,b,
ESTAT:EDAT_LFSE_16(1.0),16/04/26 23:00:00,Annual,Percentage,Total,From 18 to 24 years,Oberbayern,2024,8.5,b,
ESTAT:EDAT_LFSE_16(1.0),16/04/26 23:00:00,Annual,Percentage,Total,From 18 to 24 years,Niederbayern,2024,13.8,bu,
ESTAT:EDAT_LFSE_16(1.0),16/04/26 23:00:00,Annual,Percentage,Total,From 18 to 24 years,Oberpfalz,2024,,bu,
ESTAT:EDAT_LFSE_16(1.0),16/04/26 23:00:00,Annual,Percentage,Total,From 18 to 24 years,Oberfranken,2024,,bu,
ESTAT:EDAT_LFSE_16(1.0),16/04/26 23:00:00,Annual,Percentage,Total,From 18 to 24 years,Mittelfranken,2024,12.8,bu,
ESTAT:EDAT_LFSE_16(1.0),16/04/26 23:00:00,Annual,Percentage,Total,From 18 to 24 years,Unterfranken,2024,13.7,bu,
ESTAT:EDAT_LFSE_16(1.0),16/04/26 23:00:00,Annual,Percentage,Total,From 18 to 24 years,Schwaben,2024,,bu,
ESTAT:EDAT_LFSE_16(1.0),16/04/26 23:00:00,Annual,Percentage,Total,From 18 to 24 years,Berlin,2024,15.5,b,
ESTAT:EDAT_LFSE_16(1.0),16/04/26 23:00:00,Annual,Percentage,Total,From 18 to 24 years,Brandenburg,2024,14.3,bu,
ESTAT:EDAT_LFSE_16(1.0),16/04/26 23:00:00,Annual,Percentage,Total,From 18 to 24 years,Bremen,2024,,bu,
ESTAT:EDAT_LFSE_16(1.0),16/04/26 23:00:00,Annual,Percentage,Total,From 18 to 24 years,Hamburg,2024,12.6,bu,
ESTAT:EDAT_LFSE_16(1.0),16/04/26 23:00:00,Annual,Percentage,Total,From 18 to 24 years,Hessen,2024,13.8,b,
ESTAT:EDAT_LFSE_16(1.0),16/04/26 23:00:00,Annual,Percentage,Total,From 18 to 24 years,Darmstadt,2024,13.5,b,
ESTAT:EDAT_LFSE_16(1.0),16/04/26 23:00:00,Annual,Percentage,Total,From 18 to 24 years,Gießen,2024,14.2,bu,
ESTAT:EDAT_LFSE_16(1.0),16/04/26 23:00:00,Annual,Percentage,Total,From 18 to 24 years,Kassel,2024,14.2,bu,
ESTAT:EDAT_LFSE_16(1.0),16/04/26 23:00:00,Annual,Percentage,Total,From 18 to 24 years,Mecklenburg-Vorpommern,2024,13.4,bu,
ESTAT:EDAT_LFSE_16(1.0),16/04/26 23:00:00,Annual,Percentage,Total,From 18 to 24 years,Niedersachsen,2024,16.1,b,
ESTAT:EDAT_LFSE_16(1.0),16/04/26 23:00:00,Annual,Percentage,Total,From 18 to 24 years,Braunschweig,2024,15.3,bu,
ESTAT:EDAT_LFSE_16(1.0),16/04/26 23:00:00,Annual,Percentage,Total,From 18 to 24 years,Hannover,2024,14.6,bu,
ESTAT:EDAT_LFSE_16(1.0),16/04/26 23:00:00,Annual,Percentage,Total,From 18 to 24 years,Lüneburg,2024,15.7,bu,
ESTAT:EDAT_LFSE_16(1.0),16/04/26 23:00:00,Annual,Percentage,Total,From 18 to 24 years,Weser-Ems,2024,18.1,b,
ESTAT:EDAT_LFSE_16(1.0),16/04/26 23:00:00,Annual,Percentage,Total,From 18 to 24 years,Nordrhein-Westfalen,2024,12.8,b,
ESTAT:EDAT_LFSE_16(1.0),16/04/26 23:00:00,Annual,Percentage,Total,From 18 to 24 years,Düsseldorf,2024,14.7,b,
ESTAT:EDAT_LFSE_16(1.0),16/04/26 23:00:00,Annual,Percentage,Total,From 18 to 24 years,Köln,2024,11.8,b,
ESTAT:EDAT_LFSE_16(1.0),16/04/26 23:00:00,Annual,Percentage,Total,From 18 to 24 years,Münster,2024,12.0,bu,
ESTAT:EDAT_LFSE_16(1.0),16/04/26 23:00:00,Annual,Percentage,Total,From 18 to 24 years,Detmold,2024,11.7,bu,
ESTAT:EDAT_LFSE_16(1.0),16/04/26 23:00:00,Annual,Percentage,Total,From 18 to 24 years,Arnsberg,2024,13.0,b,
ESTAT:EDAT_LFSE_16(1.0),16/04/26 23:00:00,Annual,Percentage,Total,From 18 to 24 years,Rheinland-Pfalz,2024,14.7,b,
ESTAT:EDAT_LFSE_16(1.0),16/04/26 23:00:00,Annual,Percentage,Total,From 18 to 24 years,Koblenz,2024,16.8,bu,
ESTAT:EDAT_LFSE_16(1.0),16/04/26 23:00:00,Annual,Percentage,Total,From 18 to 24 years,Trier,2024,,bu,
ESTAT:EDAT_LFSE_16(1.0),16/04/26 23:00:00,Annual,Percentage,Total,From 18 to 24 years,Rheinhessen-Pfalz,2024,14.7,bu,
ESTAT:EDAT_LFSE_16(1.0),16/04/26 23:00:00,Annual,Percentage,Total,From 18 to 24 years,Saarland,2024,,bu,
ESTAT:EDAT_LFSE_16(1.0),16/04/26 23:00:00,Annual,Percentage,Total,From 18 to 24 years,Sachsen,2024,10.0,b,
ESTAT:EDAT_LFSE_16(1.0),16/04/26 23:00:00,Annual,Percentage,Total,From 18 to 24 years,Dresden,2024,,bu,
ESTAT:EDAT_LFSE_16(1.0),16/04/26 23:00:00,Annual,Percentage,Total,From 18 to 24 years,Chemnitz,2024,,bu,
ESTAT:EDAT_LFSE_16(1.0),16/04/26 23:00:00,Annual,Percentage,Total,From 18 to 24 years,Leipzig,2024,,bu,
ESTAT:EDAT_LFSE_16(1.0),16/04/26 23:00:00,Annual,Percentage,Total,From 18 to 24 years,Sachsen-Anhalt,2024,13.2,bu,
ESTAT:EDAT_LFSE_16(1.0),16/04/26 23:00:00,Annual,Percentage,Total,From 18 to 24 years,Schleswig-Holstein,2024,16.0,b,
ESTAT:EDAT_LFSE_16(1.0),16/04/26 23:00:00,Annual,Percentage,Total,From 18 to 24 years,Thüringen,2024,13.1,bu,
ESTAT:EDAT_LFSE_16(1.0),16/04/26 23:00:00,Annual,Percentage,Total,From 18 to 24 years,Denmark,2024,10.4,,
ESTAT:EDAT_LFSE_16(1.0),16/04/26 23:00:00,Annual,Percentage,Total,From 18 to 24 years,Danmark,2024,10.4,,
ESTAT:EDAT_LFSE_16(1.0),16/04/26 23:00:00,Annual,Percentage,Total,From 18 to 24 years,Hovedstaden,2024,8.2,,
ESTAT:EDAT_LFSE_16(1.0),16/04/26 23:00:00,Annual,Percentage,Total,From 18 to 24 years,Sjælland,2024,12.2,,
ESTAT:EDAT_LFSE_16(1.0),16/04/26 23:00:00,Annual,Percentage,Total,From 18 to 24 years,Syddanmark,2024,10.6,,
ESTAT:EDAT_LFSE_16(1.0),16/04/26 23:00:00,Annual,Percentage,Total,From 18 to 24 years,Midtjylland,2024,12.0,,
ESTAT:EDAT_LFSE_16(1.0),16/04/26 23:00:00,Annual,Percentage,Total,From 18 to 24 years,Nordjylland,2024,10.8,,
ESTAT:EDAT_LFSE_16(1.0),16/04/26 23:00:00,Annual,Percentage,Total,From 18 to 24 years,Euro area – 21 countries (from 2026),2024,9.6,,
ESTAT:EDAT_LFSE_16(1.0),16/04/26 23:00:00,Annual,Percentage,Total,From 18 to 24 years,Estonia,2024,11.0,,
ESTAT:EDAT_LFSE_16(1.0),16/04/26 23:00:00,Annual,Percentage,Total,From 18 to 24 years,Eesti,2024,11.0,,
ESTAT:EDAT_LFSE_16(1.0),16/04/26 23:00:00,Annual,Percentage,Total,From 18 to 24 years,Greece,2024,3.0,b,
ESTAT:EDAT_LFSE_16(1.0),16/04/26 23:00:00,Annual,Percentage,Total,From 18 to 24 years,Attiki,2024,2.8,b,
ESTAT:EDAT_LFSE_16(1.0),16/04/26 23:00:00,Annual,Percentage,Total,From 18 to 24 years,"Nisia Aigaiou, Kriti",2024,5.1,b,
ESTAT:EDAT_LFSE_16(1.0),16/04/26 23:00:00,Annual,Percentage,Total,From 18 to 24 years,Voreio Aigaio,2024,,bu,
ESTAT:EDAT_LFSE_16(1.0),16/04/26 23:00:00,Annual,Percentage,Total,From 18 to 24 years,Notio Aigaio,2024,,bu,
ESTAT:EDAT_LFSE_16(1.0),16/04/26 23:00:00,Annual,Percentage,Total,From 18 to 24 years,Kriti,2024,3.9,bu,
ESTAT:EDAT_LFSE_16(1.0),16/04/26 23:00:00,Annual,Percentage,Total,From 18 to 24 years,Voreia Elláda,2024,2.4,b,
ESTAT:EDAT_LFSE_16(1.0),16/04/26 23:00:00,Annual,Percentage,Total,From 18 to 24 years,"Anatoliki Makedonia, Thraki",2024,6.4,bu,
ESTAT:EDAT_LFSE_16(1.0),16/04/26 23:00:00,Annual,Percentage,Total,From 18 to 24 years,Kentriki Makedonia,2024,1.2,bu,
ESTAT:EDAT_LFSE_16(1.0),16/04/26 23:00:00,Annual,Percentage,Total,From 18 to 24 years,Dytiki Makedonia,2024,,bu,
ESTAT:EDAT_LFSE_16(1.0),16/04/26 23:00:00,Annual,Percentage,Total,From 18 to 24 years,Ipeiros,2024,,bu,
ESTAT:EDAT_LFSE_16(1.0),16/04/26 23:00:00,Annual,Percentage,Total,From 18 to 24 years,Kentriki Elláda,2024,3.2,b,
ESTAT:EDAT_LFSE_16(1.0),16/04/26 23:00:00,Annual,Percentage,Total,From 18 to 24 years,Thessalia,2024,,bu,
ESTAT:EDAT_LFSE_16(1.0),16/04/26 23:00:00,Annual,Percentage,Total,From 18 to 24 years,Ionia Nisia,2024,,bu,
ESTAT:EDAT_LFSE_16(1.0),16/04/26 23:00:00,Annual,Percentage,Total,From 18 to 24 years,Dytiki Elláda,2024,,bu,
ESTAT:EDAT_LFSE_16(1.0),16/04/26 23:00:00,Annual,Percentage,Total,From 18 to 24 years,Sterea Elláda,2024,,bu,
ESTAT:EDAT_LFSE_16(1.0),16/04/26 23:00:00,Annual,Percentage,Total,From 18 to 24 years,Peloponnisos,2024,12.0,bu,
ESTAT:EDAT_LFSE_16(1.0),16/04/26 23:00:00,Annual,Percentage,Total,From 18 to 24 years,Spain,2024,13.0,,
ESTAT:EDAT_LFSE_16(1.0),16/04/26 23:00:00,Annual,Percentage,Total,From 18 to 24 years,Noroeste,2024,9.9,,
ESTAT:EDAT_LFSE_16(1.0),16/04/26 23:00:00,Annual,Percentage,Total,From 18 to 24 years,Galicia,2024,10.8,,
ESTAT:EDAT_LFSE_16(1.0),16/04/26 23:00:00,Annual,Percentage,Total,From 18 to 24 years,Principado de Asturias,2024,10.5,,
ESTAT:EDAT_LFSE_16(1.0),16/04/26 23:00:00,Annual,Percentage,Total,From 18 to 24 years,Cantabria,2024,5.5,u,
ESTAT:EDAT_LFSE_16(1.0),16/04/26 23:00:00,Annual,Percentage,Total,From 18 to 24 years,Noreste,2024,8.7,,
ESTAT:EDAT_LFSE_16(1.0),16/04/26 23:00:00,Annual,Percentage,Total,From 18 to 24 years,País Vasco,2024,5.0,,
ESTAT:EDAT_LFSE_16(1.0),16/04/26 23:00:00,Annual,Percentage,Total,From 18 to 24 years,Comunidad Foral de Navarra,2024,9.9,,
ESTAT:EDAT_LFSE_16(1.0),16/04/26 23:00:00,Annual,Percentage,Total,From 18 to 24 years,La Rioja,2024,17.0,u,
ESTAT:EDAT_LFSE_16(1.0),16/04/26 23:00:00,Annual,Percentage,Total,From 18 to 24 years,Aragón,2024,11.9,,
ESTAT:EDAT_LFSE_16(1.0),16/04/26 23:00:00,Annual,Percentage,Total,From 18 to 24 years,Comunidad de Madrid,2024,10.5,,
ESTAT:EDAT_LFSE_16(1.0),16/04/26 23:00:00,Annual,Percentage,Total,From 18 to 24 years,Centro (ES),2024,12.8,,
ESTAT:EDAT_LFSE_16(1.0),16/04/26 23:00:00,Annual,Percentage,Total,From 18 to 24 years,Castilla y León,2024,10.8,,
ESTAT:EDAT_LFSE_16(1.0),16/04/26 23:00:00,Annual,Percentage,Total,From 18 to 24 years,Castilla-La Mancha,2024,14.6,,
ESTAT:EDAT_LFSE_16(1.0),16/04/26 23:00:00,Annual,Percentage,Total,From 18 to 24 years,Extremadura,2024,13.0,,
ESTAT:EDAT_LFSE_16(1.0),16/04/26 23:00:00,Annual,Percentage,Total,From 18 to 24 years,Este,2024,14.0,,
ESTAT:EDAT_LFSE_16(1.0),16/04/26 23:00:00,Annual,Percentage,Total,From 18 to 24 years,Cataluña,2024,13.7,,
ESTAT:EDAT_LFSE_16(1.0),16/04/26 23:00:00,Annual,Percentage,Total,From 18 to 24 years,Comunitat Valenciana,2024,12.9,,
ESTAT:EDAT_LFSE_16(1.0),16/04/26 23:00:00,Annual,Percentage,Total,From 18 to 24 years,Illes Balears,2024,20.1,,
ESTAT:EDAT_LFSE_16(1.0),16/04/26 23:00:00,Annual,Percentage,Total,From 18 to 24 years,Sur,2024,16.1,,
ESTAT:EDAT_LFSE_16(1.0),16/04/26 23:00:00,Annual,Percentage,Total,From 18 to 24 years,Andalucía,2024,15.5,,
ESTAT:EDAT_LFSE_16(1.0),16/04/26 23:00:00,Annual,Percentage,Total,From 18 to 24 years,Región de Murcia,2024,18.2,,
ESTAT:EDAT_LFSE_16(1.0),16/04/26 23:00:00,Annual,Percentage,Total,From 18 to 24 years,Ciudad de Ceuta,2024,14.6,u,
ESTAT:EDAT_LFSE_16(1.0),16/04/26 23:00:00,Annual,Percentage,Total,From 18 to 24 years,Ciudad de Melilla,2024,26.0,u,
ESTAT:EDAT_LFSE_16(1.0),16/04/26 23:00:00,Annual,Percentage,Total,From 18 to 24 years,Canarias,2024,13.1,,
ESTAT:EDAT_LFSE_16(1.0),16/04/26 23:00:00,Annual,Percentage,Total,From 18 to 24 years,European Union - 27 countries (from 2020),2024,9.4,,
ESTAT:EDAT_LFSE_16(1.0),16/04/26 23:00:00,Annual,Percentage,Total,From 18 to 24 years,Finland,2024,9.6,,
ESTAT:EDAT_LFSE_16(1.0),16/04/26 23:00:00,Annual,Percentage,Total,From 18 to 24 years,Manner-Suomi,2024,9.6,,
ESTAT:EDAT_LFSE_16(1.0),16/04/26 23:00:00,Annual,Percentage,Total,From 18 to 24 years,Länsi-Suomi,2024,8.7,,
ESTAT:EDAT_LFSE_16(1.0),16/04/26 23:00:00,Annual,Percentage,Total,From 18 to 24 years,Helsinki-Uusimaa,2024,7.2,,
ESTAT:EDAT_LFSE_16(1.0),16/04/26 23:00:00,Annual,Percentage,Total,From 18 to 24 years,Etelä-Suomi,2024,13.2,,
ESTAT:EDAT_LFSE_16(1.0),16/04/26 23:00:00,Annual,Percentage,Total,From 18 to 24 years,Pohjois- ja Itä-Suomi,2024,10.8,,
ESTAT:EDAT_LFSE_16(1.0),16/04/26 23:00:00,Annual,Percentage,Total,From 18 to 24 years,Åland,2024,,u,
ESTAT:EDAT_LFSE_16(1.0),16/04/26 23:00:00,Annual,Percentage,Total,From 18 to 24 years,France,2024,7.7,,
ESTAT:EDAT_LFSE_16(1.0),16/04/26 23:00:00,Annual,Percentage,Total,From 18 to 24 years,Ile de France,2024,6.7,,
ESTAT:EDAT_LFSE_16(1.0),16/04/26 23:00:00,Annual,Percentage,Total,From 18 to 24 years,Centre — Val de Loire,2024,7.0,,
ESTAT:EDAT_LFSE_16(1.0),16/04/26 23:00:00,Annual,Percentage,Total,From 18 to 24 years,Bourgogne-Franche-Comté,2024,8.2,,
ESTAT:EDAT_LFSE_16(1.0),16/04/26 23:00:00,Annual,Percentage,Total,From 18 to 24 years,Bourgogne,2024,9.6,,
ESTAT:EDAT_LFSE_16(1.0),16/04/26 23:00:00,Annual,Percentage,Total,From 18 to 24 years,Franche-Comté,2024,6.4,u,
ESTAT:EDAT_LFSE_16(1.0),16/04/26 23:00:00,Annual,Percentage,Total,From 18 to 24 years,Normandie,2024,10.8,,
ESTAT:EDAT_LFSE_16(1.0),16/04/26 23:00:00,Annual,Percentage,Total,From 18 to 24 years,Basse-Normandie,2024,7.9,u,
ESTAT:EDAT_LFSE_16(1.0),16/04/26 23:00:00,Annual,Percentage,Total,From 18 to 24 years,Haute-Normandie,2024,12.6,,
ESTAT:EDAT_LFSE_16(1.0),16/04/26 23:00:00,Annual,Percentage,Total,From 18 to 24 years,Hauts-de-France,2024,8.7,,
ESTAT:EDAT_LFSE_16(1.0),16/04/26 23:00:00,Annual,Percentage,Total,From 18 to 24 years,Nord-Pas de Calais,2024,8.0,,
ESTAT:EDAT_LFSE_16(1.0),16/04/26 23:00:00,Annual,Percentage,Total,From 18 to 24 years,Picardie,2024,10.4,,
ESTAT:EDAT_LFSE_16(1.0),16/04/26 23:00:00,Annual,Percentage,Total,From 18 to 24 years,Grand Est,2024,8.7,,
ESTAT:EDAT_LFSE_16(1.0),16/04/26 23:00:00,Annual,Percentage,Total,From 18 to 24 years,Alsace,2024,4.0,u,
ESTAT:EDAT_LFSE_16(1.0),16/04/26 23:00:00,Annual,Percentage,Total,From 18 to 24 years,Champagne-Ardenne,2024,11.8,,
ESTAT:EDAT_LFSE_16(1.0),16/04/26 23:00:00,Annual,Percentage,Total,From 18 to 24 years,Lorraine,2024,11.2,,
ESTAT:EDAT_LFSE_16(1.0),16/04/26 23:00:00,Annual,Percentage,Total,From 18 to 24 years,Pays de la Loire,2024,7.0,,
ESTAT:EDAT_LFSE_16(1.0),16/04/26 23:00:00,Annual,Percentage,Total,From 18 to 24 years,Bretagne,2024,5.8,,
ESTAT:EDAT_LFSE_16(1.0),16/04/26 23:00:00,Annual,Percentage,Total,From 18 to 24 years,Nouvelle-Aquitaine,2024,7.4,,
ESTAT:EDAT_LFSE_16(1.0),16/04/26 23:00:00,Annual,Percentage,Total,From 18 to 24 years,Aquitaine,2024,6.2,,
ESTAT:EDAT_LFSE_16(1.0),16/04/26 23:00:00,Annual,Percentage,Total,From 18 to 24 years,Limousin,2024,,u,
ESTAT:EDAT_LFSE_16(1.0),16/04/26 23:00:00,Annual,Percentage,Total,From 18 to 24 years,Poitou-Charentes,2024,9.0,,
ESTAT:EDAT_LFSE_16(1.0),16/04/26 23:00:00,Annual,Percentage,Total,From 18 to 24 years,Occitanie,2024,5.9,,
ESTAT:EDAT_LFSE_16(1.0),16/04/26 23:00:00,Annual,Percentage,Total,From 18 to 24 years,Languedoc-Roussillon,2024,7.0,,
ESTAT:EDAT_LFSE_16(1.0),16/04/26 23:00:00,Annual,Percentage,Total,From 18 to 24 years,Midi-Pyrénées,2024,4.7,,
ESTAT:EDAT_LFSE_16(1.0),16/04/26 23:00:00,Annual,Percentage,Total,From 18 to 24 years,Auvergne-Rhône-Alpes,2024,7.2,,
ESTAT:EDAT_LFSE_16(1.0),16/04/26 23:00:00,Annual,Percentage,Total,From 18 to 24 years,Auvergne,2024,8.1,u,
ESTAT:EDAT_LFSE_16(1.0),16/04/26 23:00:00,Annual,Percentage,Total,From 18 to 24 years,Rhône-Alpes,2024,7.0,,
ESTAT:EDAT_LFSE_16(1.0),16/04/26 23:00:00,Annual,Percentage,Total,From 18 to 24 years,Provence-Alpes-Côte d’Azur,2024,9.3,,
ESTAT:EDAT_LFSE_16(1.0),16/04/26 23:00:00,Annual,Percentage,Total,From 18 to 24 years,Corse,2024,,u,
ESTAT:EDAT_LFSE_16(1.0),16/04/26 23:00:00,Annual,Percentage,Total,From 18 to 24 years,RUP FR — Régions Ultrapériphériques Françaises,2024,14.2,,
ESTAT:EDAT_LFSE_16(1.0),16/04/26 23:00:00,Annual,Percentage,Total,From 18 to 24 years,Guadeloupe,2024,,u,
ESTAT:EDAT_LFSE_16(1.0),16/04/26 23:00:00,Annual,Percentage,Total,From 18 to 24 years,Martinique,2024,,u,
ESTAT:EDAT_LFSE_16(1.0),16/04/26 23:00:00,Annual,Percentage,Total,From 18 to 24 years,Guyane,2024,29.4,,
ESTAT:EDAT_LFSE_16(1.0),16/04/26 23:00:00,Annual,Percentage,Total,From 18 to 24 years,La Réunion,2024,11.8,,
ESTAT:EDAT_LFSE_16(1.0),16/04/26 23:00:00,Annual,Percentage,Total,From 18 to 24 years,Croatia,2024,2.0,u,
ESTAT:EDAT_LFSE_16(1.0),16/04/26 23:00:00,Annual,Percentage,Total,From 18 to 24 years,Hrvatska,2024,2.0,u,
ESTAT:EDAT_LFSE_16(1.0),16/04/26 23:00:00,Annual,Percentage,Total,From 18 to 24 years,Panonska Hrvatska,2024,2.4,u,
ESTAT:EDAT_LFSE_16(1.0),16/04/26 23:00:00,Annual,Percentage,Total,From 18 to 24 years,Jadranska Hrvatska,2024,1.5,u,
ESTAT:EDAT_LFSE_16(1.0),16/04/26 23:00:00,Annual,Percentage,Total,From 18 to 24 years,Kontinentalna Hrvatska (NUTS 2016),2024,,,
ESTAT:EDAT_LFSE_16(1.0),16/04/26 23:00:00,Annual,Percentage,Total,From 18 to 24 years,Grad Zagreb,2024,,u,
ESTAT:EDAT_LFSE_16(1.0),16/04/26 23:00:00,Annual,Percentage,Total,From 18 to 24 years,Sjeverna Hrvatska,2024,3.4,u,
ESTAT:EDAT_LFSE_16(1.0),16/04/26 23:00:00,Annual,Percentage,Total,From 18 to 24 years,Hungary,2024,10.3,,
ESTAT:EDAT_LFSE_16(1.0),16/04/26 23:00:00,Annual,Percentage,Total,From 18 to 24 years,Közép-Magyarország,2024,5.8,,
ESTAT:EDAT_LFSE_16(1.0),16/04/26 23:00:00,Annual,Percentage,Total,From 18 to 24 years,Közép-Magyarország (NUTS 2013),2024,,,
ESTAT:EDAT_LFSE_16(1.0),16/04/26 23:00:00,Annual,Percentage,Total,From 18 to 24 years,Budapest,2024,4.9,,
ESTAT:EDAT_LFSE_16(1.0),16/04/26 23:00:00,Annual,Percentage,Total,From 18 to 24 years,Pest,2024,7.0,,
ESTAT:EDAT_LFSE_16(1.0),16/04/26 23:00:00,Annual,Percentage,Total,From 18 to 24 years,Dunántúl,2024,9.3,,
ESTAT:EDAT_LFSE_16(1.0),16/04/26 23:00:00,Annual,Percentage,Total,From 18 to 24 years,Közép-Dunántúl,2024,8.8,,
ESTAT:EDAT_LFSE_16(1.0),16/04/26 23:00:00,Annual,Percentage,Total,From 18 to 24 years,Nyugat-Dunántúl,2024,8.0,,
ESTAT:EDAT_LFSE_16(1.0),16/04/26 23:00:00,Annual,Percentage,Total,From 18 to 24 years,Dél-Dunántúl,2024,11.4,,
ESTAT:EDAT_LFSE_16(1.0),16/04/26 23:00:00,Annual,Percentage,Total,From 18 to 24 years,Alföld és Észak,2024,14.7,,
ESTAT:EDAT_LFSE_16(1.0),16/04/26 23:00:00,Annual,Percentage,Total,From 18 to 24 years,Észak-Magyarország,2024,21.6,,
ESTAT:EDAT_LFSE_16(1.0),16/04/26 23:00:00,Annual,Percentage,Total,From 18 to 24 years,Észak-Alföld,2024,14.9,,
ESTAT:EDAT_LFSE_16(1.0),16/04/26 23:00:00,Annual,Percentage,Total,From 18 to 24 years,Dél-Alföld,2024,7.4,,
ESTAT:EDAT_LFSE_16(1.0),16/04/26 23:00:00,Annual,Percentage,Total,From 18 to 24 years,Ireland,2024,2.8,b,
ESTAT:EDAT_LFSE_16(1.0),16/04/26 23:00:00,Annual,Percentage,Total,From 18 to 24 years,"Border, Midland and Western (NUTS 2013)",2024,,,
ESTAT:EDAT_LFSE_16(1.0),16/04/26 23:00:00,Annual,Percentage,Total,From 18 to 24 years,Southern and Eastern (NUTS 2013),2024,,,
ESTAT:EDAT_LFSE_16(1.0),16/04/26 23:00:00,Annual,Percentage,Total,From 18 to 24 years,Northern and Western,2024,,bu,
ESTAT:EDAT_LFSE_16(1.0),16/04/26 23:00:00,Annual,Percentage,Total,From 18 to 24 years,Southern,2024,,bu,
ESTAT:EDAT_LFSE_16(1.0),16/04/26 23:00:00,Annual,Percentage,Total,From 18 to 24 years,Eastern and Midland,2024,3.0,bu,
ESTAT:EDAT_LFSE_16(1.0),16/04/26 23:00:00,Annual,Percentage,Total,From 18 to 24 years,Iceland,2024,15.3,,
ESTAT:EDAT_LFSE_16(1.0),16/04/26 23:00:00,Annual,Percentage,Total,From 18 to 24 years,Ísland,2024,15.3,,
ESTAT:EDAT_LFSE_16(1.0),16/04/26 23:00:00,Annual,Percentage,Total,From 18 to 24 years,Italy,2024,9.8,,
ESTAT:EDAT_LFSE_16(1.0),16/04/26 23:00:00,Annual,Percentage,Total,From 18 to 24 years,Nord-Ovest,2024,8.1,,
ESTAT:EDAT_LFSE_16(1.0),16/04/26 23:00:00,Annual,Percentage,Total,From 18 to 24 years,Piemonte,2024,8.7,,
ESTAT:EDAT_LFSE_16(1.0),16/04/26 23:00:00,Annual,Percentage,Total,From 18 to 24 years,Valle d’Aosta/Vallée d’Aoste,2024,,u,
ESTAT:EDAT_LFSE_16(1.0),16/04/26 23:00:00,Annual,Percentage,Total,From 18 to 24 years,Liguria,2024,9.0,,
ESTAT:EDAT_LFSE_16(1.0),16/04/26 23:00:00,Annual,Percentage,Total,From 18 to 24 years,Lombardia,2024,7.7,,
ESTAT:EDAT_LFSE_16(1.0),16/04/26 23:00:00,Annual,Percentage,Total,From 18 to 24 years,Sud,2024,11.3,,
ESTAT:EDAT_LFSE_16(1.0),16/04/26 23:00:00,Annual,Percentage,Total,From 18 to 24 years,Abruzzo,2024,7.9,,
ESTAT:EDAT_LFSE_16(1.0),16/04/26 23:00:00,Annual,Percentage,Total,From 18 to 24 years,Molise,2024,,u,
ESTAT:EDAT_LFSE_16(1.0),16/04/26 23:00:00,Annual,Percentage,Total,From 18 to 24 years,Campania,2024,13.3,,
ESTAT:EDAT_LFSE_16(1.0),16/04/26 23:00:00,Annual,Percentage,Total,From 18 to 24 years,Puglia,2024,9.9,,
ESTAT:EDAT_LFSE_16(1.0),16/04/26 23:00:00,Annual,Percentage,Total,From 18 to 24 years,Basilicata,2024,9.1,u,
ESTAT:EDAT_LFSE_16(1.0),16/04/26 23:00:00,Annual,Percentage,Total,From 18 to 24 years,Calabria,2024,10.8,,
ESTAT:EDAT_LFSE_16(1.0),16/04/26 23:00:00,Annual,Percentage,Total,From 18 to 24 years,Isole,2024,15.0,,
ESTAT:EDAT_LFSE_16(1.0),16/04/26 23:00:00,Annual,Percentage,Total,From 18 to 24 years,Sicilia,2024,15.2,,
ESTAT:EDAT_LFSE_16(1.0),16/04/26 23:00:00,Annual,Percentage,Total,From 18 to 24 years,Sardegna,2024,14.5,,
ESTAT:EDAT_LFSE_16(1.0),16/04/26 23:00:00,Annual,Percentage,Total,From 18 to 24 years,Nord-Est,2024,8.7,,
ESTAT:EDAT_LFSE_16(1.0),16/04/26 23:00:00,Annual,Percentage,Total,From 18 to 24 years,Provincia Autonoma di Bolzano/Bozen,2024,14.7,,
ESTAT:EDAT_LFSE_16(1.0),16/04/26 23:00:00,Annual,Percentage,Total,From 18 to 24 years,Provincia Autonoma di Trento,2024,6.5,u,
ESTAT:EDAT_LFSE_16(1.0),16/04/26 23:00:00,Annual,Percentage,Total,From 18 to 24 years,Veneto,2024,9.0,,
ESTAT:EDAT_LFSE_16(1.0),16/04/26 23:00:00,Annual,Percentage,Total,From 18 to 24 years,Friuli-Venezia Giulia,2024,8.2,,
ESTAT:EDAT_LFSE_16(1.0),16/04/26 23:00:00,Annual,Percentage,Total,From 18 to 24 years,Emilia-Romagna,2024,7.9,,
ESTAT:EDAT_LFSE_16(1.0),16/04/26 23:00:00,Annual,Percentage,Total,From 18 to 24 years,Centro (IT),2024,8.0,,
ESTAT:EDAT_LFSE_16(1.0),16/04/26 23:00:00,Annual,Percentage,Total,From 18 to 24 years,Toscana,2024,8.8,,
ESTAT:EDAT_LFSE_16(1.0),16/04/26 23:00:00,Annual,Percentage,Total,From 18 to 24 years,Umbria,2024,5.9,u,
ESTAT:EDAT_LFSE_16(1.0),16/04/26 23:00:00,Annual,Percentage,Total,From 18 to 24 years,Marche,2024,9.1,,
ESTAT:EDAT_LFSE_16(1.0),16/04/26 23:00:00,Annual,Percentage,Total,From 18 to 24 years,Lazio,2024,7.4,,
ESTAT:EDAT_LFSE_16(1.0),16/04/26 23:00:00,Annual,Percentage,Total,From 18 to 24 years,Lithuania,2024,8.4,,
ESTAT:EDAT_LFSE_16(1.0),16/04/26 23:00:00,Annual,Percentage,Total,From 18 to 24 years,Lietuva,2024,8.4,,
ESTAT:EDAT_LFSE_16(1.0),16/04/26 23:00:00,Annual,Percentage,Total,From 18 to 24 years,Lietuva (NUTS 2013),2024,,,
ESTAT:EDAT_LFSE_16(1.0),16/04/26 23:00:00,Annual,Percentage,Total,From 18 to 24 years,Sostinės regionas,2024,3.9,u,
ESTAT:EDAT_LFSE_16(1.0),16/04/26 23:00:00,Annual,Percentage,Total,From 18 to 24 years,Vidurio ir vakarų Lietuvos regionas,2024,10.3,,
ESTAT:EDAT_LFSE_16(1.0),16/04/26 23:00:00,Annual,Percentage,Total,From 18 to 24 years,Luxembourg,2024,7.8,u,
ESTAT:EDAT_LFSE_16(1.0),16/04/26 23:00:00,Annual,Percentage,Total,From 18 to 24 years,Latvia,2024,7.9,,
ESTAT:EDAT_LFSE_16(1.0),16/04/26 23:00:00,Annual,Percentage,Total,From 18 to 24 years,Latvija,2024,7.9,,
ESTAT:EDAT_LFSE_16(1.0),16/04/26 23:00:00,Annual,Percentage,Total,From 18 to 24 years,Montenegro,2024,,,
ESTAT:EDAT_LFSE_16(1.0),16/04/26 23:00:00,Annual,Percentage,Total,From 18 to 24 years,Crna Gora,2024,,,
ESTAT:EDAT_LFSE_16(1.0),16/04/26 23:00:00,Annual,Percentage,Total,From 18 to 24 years,North Macedonia,2024,8.0,,
ESTAT:EDAT_LFSE_16(1.0),16/04/26 23:00:00,Annual,Percentage,Total,From 18 to 24 years,Severna Makedonija,2024,8.0,,
ESTAT:EDAT_LFSE_16(1.0),16/04/26 23:00:00,Annual,Percentage,Total,From 18 to 24 years,Malta,2024,9.5,,
ESTAT:EDAT_LFSE_16(1.0),16/04/26 23:00:00,Annual,Percentage,Total,From 18 to 24 years,Netherlands,2024,7.0,,
ESTAT:EDAT_LFSE_16(1.0),16/04/26 23:00:00,Annual,Percentage,Total,From 18 to 24 years,Noord-Nederland,2024,7.7,,
ESTAT:EDAT_LFSE_16(1.0),16/04/26 23:00:00,Annual,Percentage,Total,From 18 to 24 years,Groningen,2024,7.2,,
ESTAT:EDAT_LFSE_16(1.0),16/04/26 23:00:00,Annual,Percentage,Total,From 18 to 24 years,Friesland (NL),2024,7.6,,
ESTAT:EDAT_LFSE_16(1.0),16/04/26 23:00:00,Annual,Percentage,Total,From 18 to 24 years,Drenthe,2024,8.5,,
ESTAT:EDAT_LFSE_16(1.0),16/04/26 23:00:00,Annual,Percentage,Total,From 18 to 24 years,Oost-Nederland,2024,7.1,,
ESTAT:EDAT_LFSE_16(1.0),16/04/26 23:00:00,Annual,Percentage,Total,From 18 to 24 years,Overijssel,2024,7.8,,
ESTAT:EDAT_LFSE_16(1.0),16/04/26 23:00:00,Annual,Percentage,Total,From 18 to 24 years,Gelderland,2024,6.7,,
ESTAT:EDAT_LFSE_16(1.0),16/04/26 23:00:00,Annual,Percentage,Total,From 18 to 24 years,Flevoland,2024,6.8,,
ESTAT:EDAT_LFSE_16(1.0),16/04/26 23:00:00,Annual,Percentage,Total,From 18 to 24 years,West-Nederland,2024,6.5,,
ESTAT:EDAT_LFSE_16(1.0),16/04/26 23:00:00,Annual,Percentage,Total,From 18 to 24 years,Utrecht (NUTS 2021),2024,,,
ESTAT:EDAT_LFSE_16(1.0),16/04/26 23:00:00,Annual,Percentage,Total,From 18 to 24 years,Noord-Holland,2024,6.7,,
ESTAT:EDAT_LFSE_16(1.0),16/04/26 23:00:00,Annual,Percentage,Total,From 18 to 24 years,Zuid-Holland (NUTS 2021),2024,,,
ESTAT:EDAT_LFSE_16(1.0),16/04/26 23:00:00,Annual,Percentage,Total,From 18 to 24 years,Zeeland,2024,8.5,u,
ESTAT:EDAT_LFSE_16(1.0),16/04/26 23:00:00,Annual,Percentage,Total,From 18 to 24 years,Utrecht,2024,6.1,,
ESTAT:EDAT_LFSE_16(1.0),16/04/26 23:00:00,Annual,Percentage,Total,From 18 to 24 years,Zuid-Holland,2024,6.2,,
ESTAT:EDAT_LFSE_16(1.0),16/04/26 23:00:00,Annual,Percentage,Total,From 18 to 24 years,Zuid-Nederland,2024,7.9,,
ESTAT:EDAT_LFSE_16(1.0),16/04/26 23:00:00,Annual,Percentage,Total,From 18 to 24 years,Noord-Brabant,2024,7.4,,
ESTAT:EDAT_LFSE_16(1.0),16/04/26 23:00:00,Annual,Percentage,Total,From 18 to 24 years,Limburg (NL),2024,9.0,,
ESTAT:EDAT_LFSE_16(1.0),16/04/26 23:00:00,Annual,Percentage,Total,From 18 to 24 years,Norway,2024,3.5,,
ESTAT:EDAT_LFSE_16(1.0),16/04/26 23:00:00,Annual,Percentage,Total,From 18 to 24 years,Norge,2024,3.5,,
ESTAT:EDAT_LFSE_16(1.0),16/04/26 23:00:00,Annual,Percentage,Total,From 18 to 24 years,Oslo og Akershus (statistical region 2016),2024,,,
ESTAT:EDAT_LFSE_16(1.0),16/04/26 23:00:00,Annual,Percentage,Total,From 18 to 24 years,Innlandet,2024,,u,
ESTAT:EDAT_LFSE_16(1.0),16/04/26 23:00:00,Annual,Percentage,Total,From 18 to 24 years,Sør-Østlandet (statistical region 2016),2024,,,
ESTAT:EDAT_LFSE_16(1.0),16/04/26 23:00:00,Annual,Percentage,Total,From 18 to 24 years,Agder og Rogaland (statistical region 2016),2024,,,
ESTAT:EDAT_LFSE_16(1.0),16/04/26 23:00:00,Annual,Percentage,Total,From 18 to 24 years,Vestlandet (statistical region 2016),2024,,,
ESTAT:EDAT_LFSE_16(1.0),16/04/26 23:00:00,Annual,Percentage,Total,From 18 to 24 years,Trøndelag,2024,,u,
ESTAT:EDAT_LFSE_16(1.0),16/04/26 23:00:00,Annual,Percentage,Total,From 18 to 24 years,Nord-Norge,2024,,u,
ESTAT:EDAT_LFSE_16(1.0),16/04/26 23:00:00,Annual,Percentage,Total,From 18 to 24 years,Oslo og Viken,2024,,u,
ESTAT:EDAT_LFSE_16(1.0),16/04/26 23:00:00,Annual,Percentage,Total,From 18 to 24 years,Agder og Sør-Østlandet,2024,,u,
ESTAT:EDAT_LFSE_16(1.0),16/04/26 23:00:00,Annual,Percentage,Total,From 18 to 24 years,Vestlandet,2024,,u,
ESTAT:EDAT_LFSE_16(1.0),16/04/26 23:00:00,Annual,Percentage,Total,From 18 to 24 years,Poland,2024,4.1,,
ESTAT:EDAT_LFSE_16(1.0),16/04/26 23:00:00,Annual,Percentage,Total,From 18 to 24 years,Makroregion południowy,2024,3.1,u,
ESTAT:EDAT_LFSE_16(1.0),16/04/26 23:00:00,Annual,Percentage,Total,From 18 to 24 years,Małopolskie,2024,,u,
ESTAT:EDAT_LFSE_16(1.0),16/04/26 23:00:00,Annual,Percentage,Total,From 18 to 24 years,Śląskie,2024,4.1,u,
ESTAT:EDAT_LFSE_16(1.0),16/04/26 23:00:00,Annual,Percentage,Total,From 18 to 24 years,Makroregion północno-zachodni,2024,5.8,,
ESTAT:EDAT_LFSE_16(1.0),16/04/26 23:00:00,Annual,Percentage,Total,From 18 to 24 years,Wielkopolskie,2024,4.7,u,
ESTAT:EDAT_LFSE_16(1.0),16/04/26 23:00:00,Annual,Percentage,Total,From 18 to 24 years,Zachodniopomorskie,2024,,u,
ESTAT:EDAT_LFSE_16(1.0),16/04/26 23:00:00,Annual,Percentage,Total,From 18 to 24 years,Lubuskie,2024,,u,
ESTAT:EDAT_LFSE_16(1.0),16/04/26 23:00:00,Annual,Percentage,Total,From 18 to 24 years,Makroregion południowo-zachodni,2024,4.8,u,
ESTAT:EDAT_LFSE_16(1.0),16/04/26 23:00:00,Annual,Percentage,Total,From 18 to 24 years,Dolnośląskie,2024,,u,
ESTAT:EDAT_LFSE_16(1.0),16/04/26 23:00:00,Annual,Percentage,Total,From 18 to 24 years,Opolskie,2024,,u,
ESTAT:EDAT_LFSE_16(1.0),16/04/26 23:00:00,Annual,Percentage,Total,From 18 to 24 years,Makroregion północny,2024,4.7,u,
ESTAT:EDAT_LFSE_16(1.0),16/04/26 23:00:00,Annual,Percentage,Total,From 18 to 24 years,Kujawsko-pomorskie,2024,,u,
ESTAT:EDAT_LFSE_16(1.0),16/04/26 23:00:00,Annual,Percentage,Total,From 18 to 24 years,Warmińsko-mazurskie,2024,,u,
ESTAT:EDAT_LFSE_16(1.0),16/04/26 23:00:00,Annual,Percentage,Total,From 18 to 24 years,Pomorskie,2024,,u,
ESTAT:EDAT_LFSE_16(1.0),16/04/26 23:00:00,Annual,Percentage,Total,From 18 to 24 years,Makroregion centralny,2024,5.2,u,
ESTAT:EDAT_LFSE_16(1.0),16/04/26 23:00:00,Annual,Percentage,Total,From 18 to 24 years,Łódzkie,2024,,u,
ESTAT:EDAT_LFSE_16(1.0),16/04/26 23:00:00,Annual,Percentage,Total,From 18 to 24 years,Świętokrzyskie,2024,,u,
ESTAT:EDAT_LFSE_16(1.0),16/04/26 23:00:00,Annual,Percentage,Total,From 18 to 24 years,Makroregion wschodni,2024,,u,
ESTAT:EDAT_LFSE_16(1.0),16/04/26 23:00:00,Annual,Percentage,Total,From 18 to 24 years,Lubelskie,2024,,u,
ESTAT:EDAT_LFSE_16(1.0),16/04/26 23:00:00,Annual,Percentage,Total,From 18 to 24 years,Podkarpackie,2024,,u,
ESTAT:EDAT_LFSE_16(1.0),16/04/26 23:00:00,Annual,Percentage,Total,From 18 to 24 years,Podlaskie,2024,,u,
ESTAT:EDAT_LFSE_16(1.0),16/04/26 23:00:00,Annual,Percentage,Total,From 18 to 24 years,Makroregion województwo mazowieckie,2024,3.8,u,
ESTAT:EDAT_LFSE_16(1.0),16/04/26 23:00:00,Annual,Percentage,Total,From 18 to 24 years,Warszawski stołeczny,2024,,u,
ESTAT:EDAT_LFSE_16(1.0),16/04/26 23:00:00,Annual,Percentage,Total,From 18 to 24 years,Mazowiecki regionalny,2024,,u,
ESTAT:EDAT_LFSE_16(1.0),16/04/26 23:00:00,Annual,Percentage,Total,From 18 to 24 years,Portugal,2024,6.6,,
ESTAT:EDAT_LFSE_16(1.0),16/04/26 23:00:00,Annual,Percentage,Total,From 18 to 24 years,Continente,2024,6.2,,
ESTAT:EDAT_LFSE_16(1.0),16/04/26 23:00:00,Annual,Percentage,Total,From 18 to 24 years,Norte,2024,5.2,,
ESTAT:EDAT_LFSE_16(1.0),16/04/26 23:00:00,Annual,Percentage,Total,From 18 to 24 years,Algarve,2024,11.6,u,
ESTAT:EDAT_LFSE_16(1.0),16/04/26 23:00:00,Annual,Percentage,Total,From 18 to 24 years,Centro (PT) (NUTS 2021),2024,,,
ESTAT:EDAT_LFSE_16(1.0),16/04/26 23:00:00,Annual,Percentage,Total,From 18 to 24 years,Área Metropolitana de Lisboa (NUTS 2021),2024,,,
ESTAT:EDAT_LFSE_16(1.0),16/04/26 23:00:00,Annual,Percentage,Total,From 18 to 24 years,Alentejo (NUTS 2021),2024,,,
ESTAT:EDAT_LFSE_16(1.0),16/04/26 23:00:00,Annual,Percentage,Total,From 18 to 24 years,Centro (PT),2024,6.2,u,
ESTAT:EDAT_LFSE_16(1.0),16/04/26 23:00:00,Annual,Percentage,Total,From 18 to 24 years,Grande Lisboa,2024,6.6,,
ESTAT:EDAT_LFSE_16(1.0),16/04/26 23:00:00,Annual,Percentage,Total,From 18 to 24 years,Península de Setúbal,2024,,u,
ESTAT:EDAT_LFSE_16(1.0),16/04/26 23:00:00,Annual,Percentage,Total,From 18 to 24 years,Alentejo,2024,,u,
ESTAT:EDAT_LFSE_16(1.0),16/04/26 23:00:00,Annual,Percentage,Total,From 18 to 24 years,Oeste e Vale do Tejo,2024,5.5,u,
ESTAT:EDAT_LFSE_16(1.0),16/04/26 23:00:00,Annual,Percentage,Total,From 18 to 24 years,Região Autónoma dos Açores,2024,19.8,u,
ESTAT:EDAT_LFSE_16(1.0),16/04/26 23:00:00,Annual,Percentage,Total,From 18 to 24 years,Região Autónoma da Madeira,2024,,u,
ESTAT:EDAT_LFSE_16(1.0),16/04/26 23:00:00,Annual,Percentage,Total,From 18 to 24 years,Romania,2024,16.8,,
ESTAT:EDAT_LFSE_16(1.0),16/04/26 23:00:00,Annual,Percentage,Total,From 18 to 24 years,Macroregiunea Unu,2024,18.1,,
ESTAT:EDAT_LFSE_16(1.0),16/04/26 23:00:00,Annual,Percentage,Total,From 18 to 24 years,Nord-Vest,2024,14.9,,
ESTAT:EDAT_LFSE_16(1.0),16/04/26 23:00:00,Annual,Percentage,Total,From 18 to 24 years,Centru,2024,21.6,,
ESTAT:EDAT_LFSE_16(1.0),16/04/26 23:00:00,Annual,Percentage,Total,From 18 to 24 years,Macroregiunea Doi,2024,20.0,,
ESTAT:EDAT_LFSE_16(1.0),16/04/26 23:00:00,Annual,Percentage,Total,From 18 to 24 years,Nord-Est,2024,16.1,,
ESTAT:EDAT_LFSE_16(1.0),16/04/26 23:00:00,Annual,Percentage,Total,From 18 to 24 years,Sud-Est,2024,26.2,,
ESTAT:EDAT_LFSE_16(1.0),16/04/26 23:00:00,Annual,Percentage,Total,From 18 to 24 years,Macroregiunea Trei,2024,14.0,,
ESTAT:EDAT_LFSE_16(1.0),16/04/26 23:00:00,Annual,Percentage,Total,From 18 to 24 years,Sud-Muntenia,2024,19.0,,
ESTAT:EDAT_LFSE_16(1.0),16/04/26 23:00:00,Annual,Percentage,Total,From 18 to 24 years,Bucureşti-Ilfov,2024,6.6,u,
ESTAT:EDAT_LFSE_16(1.0),16/04/26 23:00:00,Annual,Percentage,Total,From 18 to 24 years,Macroregiunea Patru,2024,13.6,,
ESTAT:EDAT_LFSE_16(1.0),16/04/26 23:00:00,Annual,Percentage,Total,From 18 to 24 years,Sud-Vest Oltenia,2024,17.9,,
ESTAT:EDAT_LFSE_16(1.0),16/04/26 23:00:00,Annual,Percentage,Total,From 18 to 24 years,Vest,2024,8.7,u,
ESTAT:EDAT_LFSE_16(1.0),16/04/26 23:00:00,Annual,Percentage,Total,From 18 to 24 years,Serbia,2024,6.2,,
ESTAT:EDAT_LFSE_16(1.0),16/04/26 23:00:00,Annual,Percentage,Total,From 18 to 24 years,Srbija - sever,2024,7.8,,
ESTAT:EDAT_LFSE_16(1.0),16/04/26 23:00:00,Annual,Percentage,Total,From 18 to 24 years,Beogradski region,2024,7.4,,
ESTAT:EDAT_LFSE_16(1.0),16/04/26 23:00:00,Annual,Percentage,Total,From 18 to 24 years,Region Vojvodine,2024,8.3,,
ESTAT:EDAT_LFSE_16(1.0),16/04/26 23:00:00,Annual,Percentage,Total,From 18 to 24 years,Srbija - jug,2024,4.6,,
ESTAT:EDAT_LFSE_16(1.0),16/04/26 23:00:00,Annual,Percentage,Total,From 18 to 24 years,Region Sumadije i Zapadne Srbije,2024,3.4,,
ESTAT:EDAT_LFSE_16(1.0),16/04/26 23:00:00,Annual,Percentage,Total,From 18 to 24 years,Region Juzne i Istocne Srbije,2024,6.3,,
ESTAT:EDAT_LFSE_16(1.0),16/04/26 23:00:00,Annual,Percentage,Total,From 18 to 24 years,Sweden,2024,7.2,,
ESTAT:EDAT_LFSE_16(1.0),16/04/26 23:00:00,Annual,Percentage,Total,From 18 to 24 years,Östra Sverige,2024,6.7,,
ESTAT:EDAT_LFSE_16(1.0),16/04/26 23:00:00,Annual,Percentage,Total,From 18 to 24 years,Stockholm,2024,5.9,,
ESTAT:EDAT_LFSE_16(1.0),16/04/26 23:00:00,Annual,Percentage,Total,From 18 to 24 years,Östra Mellansverige,2024,7.6,,
ESTAT:EDAT_LFSE_16(1.0),16/04/26 23:00:00,Annual,Percentage,Total,From 18 to 24 years,Södra Sverige,2024,7.1,,
ESTAT:EDAT_LFSE_16(1.0),16/04/26 23:00:00,Annual,Percentage,Total,From 18 to 24 years,Småland med öarna,2024,9.8,u,
ESTAT:EDAT_LFSE_16(1.0),16/04/26 23:00:00,Annual,Percentage,Total,From 18 to 24 years,Sydsverige,2024,6.8,,
ESTAT:EDAT_LFSE_16(1.0),16/04/26 23:00:00,Annual,Percentage,Total,From 18 to 24 years,Västsverige,2024,6.2,,
ESTAT:EDAT_LFSE_16(1.0),16/04/26 23:00:00,Annual,Percentage,Total,From 18 to 24 years,Norra Sverige,2024,8.5,,
ESTAT:EDAT_LFSE_16(1.0),16/04/26 23:00:00,Annual,Percentage,Total,From 18 to 24 years,Norra Mellansverige,2024,9.4,u,
ESTAT:EDAT_LFSE_16(1.0),16/04/26 23:00:00,Annual,Percentage,Total,From 18 to 24 years,Mellersta Norrland,2024,,u,
ESTAT:EDAT_LFSE_16(1.0),16/04/26 23:00:00,Annual,Percentage,Total,From 18 to 24 years,Övre Norrland,2024,,u,
ESTAT:EDAT_LFSE_16(1.0),16/04/26 23:00:00,Annual,Percentage,Total,From 18 to 24 years,Slovenia,2024,5.0,,
ESTAT:EDAT_LFSE_16(1.0),16/04/26 23:00:00,Annual,Percentage,Total,From 18 to 24 years,Slovenija,2024,5.0,,
ESTAT:EDAT_LFSE_16(1.0),16/04/26 23:00:00,Annual,Percentage,Total,From 18 to 24 years,Vzhodna Slovenija (NUTS 2010),2024,,,
ESTAT:EDAT_LFSE_16(1.0),16/04/26 23:00:00,Annual,Percentage,Total,From 18 to 24 years,Zahodna Slovenija (NUTS 2010),2024,,,
ESTAT:EDAT_LFSE_16(1.0),16/04/26 23:00:00,Annual,Percentage,Total,From 18 to 24 years,Vzhodna Slovenija,2024,5.9,u,
ESTAT:EDAT_LFSE_16(1.0),16/04/26 23:00:00,Annual,Percentage,Total,From 18 to 24 years,Zahodna Slovenija,2024,4.2,u,
ESTAT:EDAT_LFSE_16(1.0),16/04/26 23:00:00,Annual,Percentage,Total,From 18 to 24 years,Slovakia,2024,7.5,,
ESTAT:EDAT_LFSE_16(1.0),16/04/26 23:00:00,Annual,Percentage,Total,From 18 to 24 years,Slovensko,2024,7.5,,
ESTAT:EDAT_LFSE_16(1.0),16/04/26 23:00:00,Annual,Percentage,Total,From 18 to 24 years,Bratislavský kraj,2024,,u,
ESTAT:EDAT_LFSE_16(1.0),16/04/26 23:00:00,Annual,Percentage,Total,From 18 to 24 years,Západné Slovensko,2024,,u,
ESTAT:EDAT_LFSE_16(1.0),16/04/26 23:00:00,Annual,Percentage,Total,From 18 to 24 years,Stredné Slovensko,2024,,u,
ESTAT:EDAT_LFSE_16(1.0),16/04/26 23:00:00,Annual,Percentage,Total,From 18 to 24 years,Východné Slovensko,2024,14.1,,
ESTAT:EDAT_LFSE_16(1.0),16/04/26 23:00:00,Annual,Percentage,Total,From 18 to 24 years,Türkiye,2024,18.7,,
ESTAT:EDAT_LFSE_16(1.0),16/04/26 23:00:00,Annual,Percentage,Total,From 18 to 24 years,İstanbul,2024,11.4,,
ESTAT:EDAT_LFSE_16(1.0),16/04/26 23:00:00,Annual,Percentage,Total,From 18 to 24 years,Batı Marmara,2024,19.4,,
ESTAT:EDAT_LFSE_16(1.0),16/04/26 23:00:00,Annual,Percentage,Total,From 18 to 24 years,"Tekirdağ, Edirne, Kırklareli",2024,24.8,,
ESTAT:EDAT_LFSE_16(1.0),16/04/26 23:00:00,Annual,Percentage,Total,From 18 to 24 years,"Balıkesir, Çanakkale",2024,12.3,,
ESTAT:EDAT_LFSE_16(1.0),16/04/26 23:00:00,Annual,Percentage,Total,From 18 to 24 years,Ege,2024,16.0,,
ESTAT:EDAT_LFSE_16(1.0),16/04/26 23:00:00,Annual,Percentage,Total,From 18 to 24 years,İzmir,2024,16.3,,
ESTAT:EDAT_LFSE_16(1.0),16/04/26 23:00:00,Annual,Percentage,Total,From 18 to 24 years,"Aydın, Denizli, Muğla",2024,13.5,,
ESTAT:EDAT_LFSE_16(1.0),16/04/26 23:00:00,Annual,Percentage,Total,From 18 to 24 years,"Manisa, Afyonkarahisar, Kütahya, Uşak",2024,18.0,,
ESTAT:EDAT_LFSE_16(1.0),16/04/26 23:00:00,Annual,Percentage,Total,From 18 to 24 years,Doğu Marmara,2024,14.7,,
ESTAT:EDAT_LFSE_16(1.0),16/04/26 23:00:00,Annual,Percentage,Total,From 18 to 24 years,"Bursa, Eskişehir, Bilecik",2024,16.5,,
ESTAT:EDAT_LFSE_16(1.0),16/04/26 23:00:00,Annual,Percentage,Total,From 18 to 24 years,"Kocaeli, Sakarya, Düzce, Bolu, Yalova",2024,13.1,,
ESTAT:EDAT_LFSE_16(1.0),16/04/26 23:00:00,Annual,Percentage,Total,From 18 to 24 years,Batı Anadolu,2024,15.5,,
ESTAT:EDAT_LFSE_16(1.0),16/04/26 23:00:00,Annual,Percentage,Total,From 18 to 24 years,Ankara,2024,12.5,,
ESTAT:EDAT_LFSE_16(1.0),16/04/26 23:00:00,Annual,Percentage,Total,From 18 to 24 years,"Konya, Karaman",2024,22.1,,
ESTAT:EDAT_LFSE_16(1.0),16/04/26 23:00:00,Annual,Percentage,Total,From 18 to 24 years,Akdeniz,2024,16.8,,
ESTAT:EDAT_LFSE_16(1.0),16/04/26 23:00:00,Annual,Percentage,Total,From 18 to 24 years,"Antalya, Isparta, Burdur",2024,12.6,,
ESTAT:EDAT_LFSE_16(1.0),16/04/26 23:00:00,Annual,Percentage,Total,From 18 to 24 years,"Adana, Mersin",2024,19.8,,
ESTAT:EDAT_LFSE_16(1.0),16/04/26 23:00:00,Annual,Percentage,Total,From 18 to 24 years,"Hatay, Kahramanmaraş, Osmaniye",2024,16.6,,
ESTAT:EDAT_LFSE_16(1.0),16/04/26 23:00:00,Annual,Percentage,Total,From 18 to 24 years,Orta Anadolu,2024,14.9,,
ESTAT:EDAT_LFSE_16(1.0),16/04/26 23:00:00,Annual,Percentage,Total,From 18 to 24 years,"Kırıkkale, Aksaray, Niğde, Nevşehir, Kırşehir",2024,16.4,,
ESTAT:EDAT_LFSE_16(1.0),16/04/26 23:00:00,Annual,Percentage,Total,From 18 to 24 years,"Kayseri, Sivas, Yozgat",2024,13.9,,
ESTAT:EDAT_LFSE_16(1.0),16/04/26 23:00:00,Annual,Percentage,Total,From 18 to 24 years,Batı Karadeniz,2024,11.7,,
ESTAT:EDAT_LFSE_16(1.0),16/04/26 23:00:00,Annual,Percentage,Total,From 18 to 24 years,"Zonguldak, Karabük, Bartın",2024,9.3,,
ESTAT:EDAT_LFSE_16(1.0),16/04/26 23:00:00,Annual,Percentage,Total,From 18 to 24 years,"Kastamonu, Çankırı, Sinop",2024,10.6,,
ESTAT:EDAT_LFSE_16(1.0),16/04/26 23:00:00,Annual,Percentage,Total,From 18 to 24 years,"Samsun, Tokat, Çorum, Amasya",2024,12.9,,
ESTAT:EDAT_LFSE_16(1.0),16/04/26 23:00:00,Annual,Percentage,Total,From 18 to 24 years,Doğu Karadeniz,2024,10.2,,
ESTAT:EDAT_LFSE_16(1.0),16/04/26 23:00:00,Annual,Percentage,Total,From 18 to 24 years,"Trabzon, Ordu, Giresun, Rize, Artvin, Gümüşhane",2024,10.2,,
ESTAT:EDAT_LFSE_16(1.0),16/04/26 23:00:00,Annual,Percentage,Total,From 18 to 24 years,Kuzeydoğu Anadolu,2024,25.6,,
ESTAT:EDAT_LFSE_16(1.0),16/04/26 23:00:00,Annual,Percentage,Total,From 18 to 24 years,"Erzurum, Erzincan, Bayburt",2024,12.0,,
ESTAT:EDAT_LFSE_16(1.0),16/04/26 23:00:00,Annual,Percentage,Total,From 18 to 24 years,"Ağrı, Kars, Iğdır, Ardahan",2024,38.6,,
ESTAT:EDAT_LFSE_16(1.0),16/04/26 23:00:00,Annual,Percentage,Total,From 18 to 24 years,Ortadoğu Anadolu,2024,30.3,,
ESTAT:EDAT_LFSE_16(1.0),16/04/26 23:00:00,Annual,Percentage,Total,From 18 to 24 years,"Malatya, Elazığ, Bingöl, Tunceli",2024,15.6,,
ESTAT:EDAT_LFSE_16(1.0),16/04/26 23:00:00,Annual,Percentage,Total,From 18 to 24 years,"Van, Muş, Bitlis, Hakkari",2024,39.6,,
ESTAT:EDAT_LFSE_16(1.0),16/04/26 23:00:00,Annual,Percentage,Total,From 18 to 24 years,Güneydoğu Anadolu,2024,36.9,,
ESTAT:EDAT_LFSE_16(1.0),16/04/26 23:00:00,Annual,Percentage,Total,From 18 to 24 years,"Gaziantep, Adıyaman, Kilis",2024,25.3,,
ESTAT:EDAT_LFSE_16(1.0),16/04/26 23:00:00,Annual,Percentage,Total,From 18 to 24 years,"Şanlıurfa, Diyarbakır",2024,48.7,,
ESTAT:EDAT_LFSE_16(1.0),16/04/26 23:00:00,Annual,Percentage,Total,From 18 to 24 years,"Mardin, Batman, Şırnak, Siirt",2024,27.1,,
ESTAT:EDAT_LFSE_16(1.0),16/04/26 23:00:00,Annual,Percentage,Total,From 18 to 24 years,United Kingdom,2024,,,
ESTAT:EDAT_LFSE_16(1.0),16/04/26 23:00:00,Annual,Percentage,Total,From 18 to 24 years,North East (UK) (NUTS 2021),2024,,,
ESTAT:EDAT_LFSE_16(1.0),16/04/26 23:00:00,Annual,Percentage,Total,From 18 to 24 years,Tees Valley and Durham (NUTS 2021),2024,,,
ESTAT:EDAT_LFSE_16(1.0),16/04/26 23:00:00,Annual,Percentage,Total,From 18 to 24 years,Northumberland and Tyne and Wear (NUTS 2021),2024,,,
ESTAT:EDAT_LFSE_16(1.0),16/04/26 23:00:00,Annual,Percentage,Total,From 18 to 24 years,North West (UK) (NUTS 2021),2024,,,
ESTAT:EDAT_LFSE_16(1.0),16/04/26 23:00:00,Annual,Percentage,Total,From 18 to 24 years,Cumbria (NUTS 2021),2024,,,
ESTAT:EDAT_LFSE_16(1.0),16/04/26 23:00:00,Annual,Percentage,Total,From 18 to 24 years,Greater Manchester (NUTS 2021),2024,,,
ESTAT:EDAT_LFSE_16(1.0),16/04/26 23:00:00,Annual,Percentage,Total,From 18 to 24 years,Lancashire (NUTS 2021),2024,,,
ESTAT:EDAT_LFSE_16(1.0),16/04/26 23:00:00,Annual,Percentage,Total,From 18 to 24 years,Cheshire (NUTS 2021),2024,,,
ESTAT:EDAT_LFSE_16(1.0),16/04/26 23:00:00,Annual,Percentage,Total,From 18 to 24 years,Merseyside (NUTS 2021),2024,,,
ESTAT:EDAT_LFSE_16(1.0),16/04/26 23:00:00,Annual,Percentage,Total,From 18 to 24 years,Yorkshire and The Humber (NUTS 2021),2024,,,
ESTAT:EDAT_LFSE_16(1.0),16/04/26 23:00:00,Annual,Percentage,Total,From 18 to 24 years,East Yorkshire and Northern Lincolnshire (NUTS 2021),2024,,,
ESTAT:EDAT_LFSE_16(1.0),16/04/26 23:00:00,Annual,Percentage,Total,From 18 to 24 years,North Yorkshire (NUTS 2021),2024,,,
ESTAT:EDAT_LFSE_16(1.0),16/04/26 23:00:00,Annual,Percentage,Total,From 18 to 24 years,South Yorkshire (NUTS 2021),2024,,,
ESTAT:EDAT_LFSE_16(1.0),16/04/26 23:00:00,Annual,Percentage,Total,From 18 to 24 years,West Yorkshire (NUTS 2021),2024,,,
ESTAT:EDAT_LFSE_16(1.0),16/04/26 23:00:00,Annual,Percentage,Total,From 18 to 24 years,East Midlands (UK) (NUTS 2021),2024,,,
ESTAT:EDAT_LFSE_16(1.0),16/04/26 23:00:00,Annual,Percentage,Total,From 18 to 24 years,Derbyshire and Nottinghamshire (NUTS 2021),2024,,,
ESTAT:EDAT_LFSE_16(1.0),16/04/26 23:00:00,Annual,Percentage,Total,From 18 to 24 years,"Leicestershire, Rutland and Northamptonshire (NUTS 2021)",2024,,,
ESTAT:EDAT_LFSE_16(1.0),16/04/26 23:00:00,Annual,Percentage,Total,From 18 to 24 years,Lincolnshire (NUTS 2021),2024,,,
ESTAT:EDAT_LFSE_16(1.0),16/04/26 23:00:00,Annual,Percentage,Total,From 18 to 24 years,West Midlands (UK) (NUTS 2021),2024,,,
ESTAT:EDAT_LFSE_16(1.0),16/04/26 23:00:00,Annual,Percentage,Total,From 18 to 24 years,"Herefordshire, Worcestershire and Warwickshire (NUTS 2021)",2024,,,
ESTAT:EDAT_LFSE_16(1.0),16/04/26 23:00:00,Annual,Percentage,Total,From 18 to 24 years,Shropshire and Staffordshire (NUTS 2021),2024,,,
ESTAT:EDAT_LFSE_16(1.0),16/04/26 23:00:00,Annual,Percentage,Total,From 18 to 24 years,West Midlands (NUTS 2021),2024,,,
ESTAT:EDAT_LFSE_16(1.0),16/04/26 23:00:00,Annual,Percentage,Total,From 18 to 24 years,East of England (NUTS 2021),2024,,,
ESTAT:EDAT_LFSE_16(1.0),16/04/26 23:00:00,Annual,Percentage,Total,From 18 to 24 years,East Anglia (NUTS 2021),2024,,,
ESTAT:EDAT_LFSE_16(1.0),16/04/26 23:00:00,Annual,Percentage,Total,From 18 to 24 years,Bedfordshire and Hertfordshire (NUTS 2021),2024,,,
ESTAT:EDAT_LFSE_16(1.0),16/04/26 23:00:00,Annual,Percentage,Total,From 18 to 24 years,Essex (NUTS 2021),2024,,,
ESTAT:EDAT_LFSE_16(1.0),16/04/26 23:00:00,Annual,Percentage,Total,From 18 to 24 years,London (NUTS 2021),2024,,,
ESTAT:EDAT_LFSE_16(1.0),16/04/26 23:00:00,Annual,Percentage,Total,From 18 to 24 years,Inner London (NUTS 2010),2024,,,
ESTAT:EDAT_LFSE_16(1.0),16/04/26 23:00:00,Annual,Percentage,Total,From 18 to 24 years,Outer London (NUTS 2010),2024,,,
ESTAT:EDAT_LFSE_16(1.0),16/04/26 23:00:00,Annual,Percentage,Total,From 18 to 24 years,Inner London - West (NUTS 2021),2024,,,
ESTAT:EDAT_LFSE_16(1.0),16/04/26 23:00:00,Annual,Percentage,Total,From 18 to 24 years,Inner London - East (NUTS 2021),2024,,,
ESTAT:EDAT_LFSE_16(1.0),16/04/26 23:00:00,Annual,Percentage,Total,From 18 to 24 years,Outer London - East and North East (NUTS 2021),2024,,,
ESTAT:EDAT_LFSE_16(1.0),16/04/26 23:00:00,Annual,Percentage,Total,From 18 to 24 years,Outer London - South (NUTS 2021),2024,,,
ESTAT:EDAT_LFSE_16(1.0),16/04/26 23:00:00,Annual,Percentage,Total,From 18 to 24 years,Outer London - West and North West (NUTS 2021),2024,,,
ESTAT:EDAT_LFSE_16(1.0),16/04/26 23:00:00,Annual,Percentage,Total,From 18 to 24 years,South East (UK) (NUTS 2021),2024,,,
ESTAT:EDAT_LFSE_16(1.0),16/04/26 23:00:00,Annual,Percentage,Total,From 18 to 24 years,"Berkshire, Buckinghamshire and Oxfordshire (NUTS 2021)",2024,,,
ESTAT:EDAT_LFSE_16(1.0),16/04/26 23:00:00,Annual,Percentage,Total,From 18 to 24 years,"Surrey, East and West Sussex (NUTS 2021)",2024,,,
ESTAT:EDAT_LFSE_16(1.0),16/04/26 23:00:00,Annual,Percentage,Total,From 18 to 24 years,Hampshire and Isle of Wight (NUTS 2021),2024,,,
ESTAT:EDAT_LFSE_16(1.0),16/04/26 23:00:00,Annual,Percentage,Total,From 18 to 24 years,Kent (NUTS 2021),2024,,,
ESTAT:EDAT_LFSE_16(1.0),16/04/26 23:00:00,Annual,Percentage,Total,From 18 to 24 years,South West (UK) (NUTS 2021),2024,,,
ESTAT:EDAT_LFSE_16(1.0),16/04/26 23:00:00,Annual,Percentage,Total,From 18 to 24 years,"Gloucestershire, Wiltshire and Bristol/Bath area (NUTS 2021)",2024,,,
ESTAT:EDAT_LFSE_16(1.0),16/04/26 23:00:00,Annual,Percentage,Total,From 18 to 24 years,Dorset and Somerset (NUTS 2021),2024,,,
ESTAT:EDAT_LFSE_16(1.0),16/04/26 23:00:00,Annual,Percentage,Total,From 18 to 24 years,Cornwall and Isles of Scilly (NUTS 2021),2024,,,
ESTAT:EDAT_LFSE_16(1.0),16/04/26 23:00:00,Annual,Percentage,Total,From 18 to 24 years,Devon (NUTS 2021),2024,,,
ESTAT:EDAT_LFSE_16(1.0),16/04/26 23:00:00,Annual,Percentage,Total,From 18 to 24 years,Wales (NUTS 2021),2024,,,
ESTAT:EDAT_LFSE_16(1.0),16/04/26 23:00:00,Annual,Percentage,Total,From 18 to 24 years,West Wales and The Valleys (NUTS 2021),2024,,,
ESTAT:EDAT_LFSE_16(1.0),16/04/26 23:00:00,Annual,Percentage,Total,From 18 to 24 years,East Wales (NUTS 2021),2024,,,
ESTAT:EDAT_LFSE_16(1.0),16/04/26 23:00:00,Annual,Percentage,Total,From 18 to 24 years,Scotland (NUTS 2021),2024,,,
ESTAT:EDAT_LFSE_16(1.0),16/04/26 23:00:00,Annual,Percentage,Total,From 18 to 24 years,Eastern Scotland (NUTS 2013),2024,,,
ESTAT:EDAT_LFSE_16(1.0),16/04/26 23:00:00,Annual,Percentage,Total,From 18 to 24 years,South Western Scotland (NUTS 2013),2024,,,
ESTAT:EDAT_LFSE_16(1.0),16/04/26 23:00:00,Annual,Percentage,Total,From 18 to 24 years,North Eastern Scotland (NUTS 2021),2024,,,
ESTAT:EDAT_LFSE_16(1.0),16/04/26 23:00:00,Annual,Percentage,Total,From 18 to 24 years,Highlands and Islands (NUTS 2021),2024,,,
ESTAT:EDAT_LFSE_16(1.0),16/04/26 23:00:00,Annual,Percentage,Total,From 18 to 24 years,Eastern Scotland (NUTS 2021),2024,,,
ESTAT:EDAT_LFSE_16(1.0),16/04/26 23:00:00,Annual,Percentage,Total,From 18 to 24 years,West Central Scotland (NUTS 2021),2024,,,
ESTAT:EDAT_LFSE_16(1.0),16/04/26 23:00:00,Annual,Percentage,Total,From 18 to 24 years,Southern Scotland (NUTS 2021),2024,,,
ESTAT:EDAT_LFSE_16(1.0),16/04/26 23:00:00,Annual,Percentage,Total,From 18 to 24 years,Northern Ireland (UK) (NUTS 2021),2024,,,
