DATAFLOW,LAST UPDATE,freq,sex,age,training,wstatus,unit,geo,TIME_PERIOD,OBS_VALUE,OBS_FLAG,CONF_STATUS
ESTAT:EDAT_LFSE_22(1.0),16/04/26 23:00:00,Annual,Total,From 15 to 24 years,Neither formal nor non-formal education or training,Not employed persons,Percentage,Austria,2024,8.7,,
ESTAT:EDAT_LFSE_22(1.0),16/04/26 23:00:00,Annual,Total,From 15 to 24 years,Neither formal nor non-formal education or training,Not employed persons,Percentage,Ostösterreich,2024,10.4,,
ESTAT:EDAT_LFSE_22(1.0),16/04/26 23:00:00,Annual,Total,From 15 to 24 years,Neither formal nor non-formal education or training,Not employed persons,Percentage,Burgenland,2024,,u,
ESTAT:EDAT_LFSE_22(1.0),16/04/26 23:00:00,Annual,Total,From 15 to 24 years,Neither formal nor non-formal education or training,Not employed persons,Percentage,Niederösterreich,2024,7.8,,
ESTAT:EDAT_LFSE_22(1.0),16/04/26 23:00:00,Annual,Total,From 15 to 24 years,Neither formal nor non-formal education or training,Not employed persons,Percentage,Wien,2024,12.9,,
ESTAT:EDAT_LFSE_22(1.0),16/04/26 23:00:00,Annual,Total,From 15 to 24 years,Neither formal nor non-formal education or training,Not employed persons,Percentage,Südösterreich,2024,7.7,,
ESTAT:EDAT_LFSE_22(1.0),16/04/26 23:00:00,Annual,Total,From 15 to 24 years,Neither formal nor non-formal education or training,Not employed persons,Percentage,Kärnten,2024,7.8,u,
ESTAT:EDAT_LFSE_22(1.0),16/04/26 23:00:00,Annual,Total,From 15 to 24 years,Neither formal nor non-formal education or training,Not employed persons,Percentage,Steiermark,2024,7.6,,
ESTAT:EDAT_LFSE_22(1.0),16/04/26 23:00:00,Annual,Total,From 15 to 24 years,Neither formal nor non-formal education or training,Not employed persons,Percentage,Westösterreich,2024,7.1,,
ESTAT:EDAT_LFSE_22(1.0),16/04/26 23:00:00,Annual,Total,From 15 to 24 years,Neither formal nor non-formal education or training,Not employed persons,Percentage,Oberösterreich,2024,7.5,,
ESTAT:EDAT_LFSE_22(1.0),16/04/26 23:00:00,Annual,Total,From 15 to 24 years,Neither formal nor non-formal education or training,Not employed persons,Percentage,Salzburg,2024,5.6,u,
ESTAT:EDAT_LFSE_22(1.0),16/04/26 23:00:00,Annual,Total,From 15 to 24 years,Neither formal nor non-formal education or training,Not employed persons,Percentage,Tirol,2024,5.6,u,
ESTAT:EDAT_LFSE_22(1.0),16/04/26 23:00:00,Annual,Total,From 15 to 24 years,Neither formal nor non-formal education or training,Not employed persons,Percentage,Vorarlberg,2024,10.2,u,
ESTAT:EDAT_LFSE_22(1.0),16/04/26 23:00:00,Annual,Total,From 15 to 24 years,Neither formal nor non-formal education or training,Not employed persons,Percentage,Bosnia and Herzegovina,2024,14.7,,
ESTAT:EDAT_LFSE_22(1.0),16/04/26 23:00:00,Annual,Total,From 15 to 24 years,Neither formal nor non-formal education or training,Not employed persons,Percentage,Belgium,2024,7.3,b,
ESTAT:EDAT_LFSE_22(1.0),16/04/26 23:00:00,Annual,Total,From 15 to 24 years,Neither formal nor non-formal education or training,Not employed persons,Percentage,Région de Bruxelles-Capitale/Brussels Hoofdstedelijk Gewest,2024,9.0,b,
ESTAT:EDAT_LFSE_22(1.0),16/04/26 23:00:00,Annual,Total,From 15 to 24 years,Neither formal nor non-formal education or training,Not employed persons,Percentage,Vlaams Gewest,2024,5.7,b,
ESTAT:EDAT_LFSE_22(1.0),16/04/26 23:00:00,Annual,Total,From 15 to 24 years,Neither formal nor non-formal education or training,Not employed persons,Percentage,Prov. Antwerpen,2024,6.6,b,
ESTAT:EDAT_LFSE_22(1.0),16/04/26 23:00:00,Annual,Total,From 15 to 24 years,Neither formal nor non-formal education or training,Not employed persons,Percentage,Prov. Limburg (BE),2024,3.5,bu,
ESTAT:EDAT_LFSE_22(1.0),16/04/26 23:00:00,Annual,Total,From 15 to 24 years,Neither formal nor non-formal education or training,Not employed persons,Percentage,Prov. Oost-Vlaanderen,2024,6.0,b,
ESTAT:EDAT_LFSE_22(1.0),16/04/26 23:00:00,Annual,Total,From 15 to 24 years,Neither formal nor non-formal education or training,Not employed persons,Percentage,Prov. Vlaams-Brabant,2024,6.3,bu,
ESTAT:EDAT_LFSE_22(1.0),16/04/26 23:00:00,Annual,Total,From 15 to 24 years,Neither formal nor non-formal education or training,Not employed persons,Percentage,Prov. West-Vlaanderen,2024,5.0,b,
ESTAT:EDAT_LFSE_22(1.0),16/04/26 23:00:00,Annual,Total,From 15 to 24 years,Neither formal nor non-formal education or training,Not employed persons,Percentage,Région wallonne,2024,9.4,b,
ESTAT:EDAT_LFSE_22(1.0),16/04/26 23:00:00,Annual,Total,From 15 to 24 years,Neither formal nor non-formal education or training,Not employed persons,Percentage,Prov. Brabant wallon,2024,7.5,bu,
ESTAT:EDAT_LFSE_22(1.0),16/04/26 23:00:00,Annual,Total,From 15 to 24 years,Neither formal nor non-formal education or training,Not employed persons,Percentage,Prov. Hainaut,2024,11.3,b,
ESTAT:EDAT_LFSE_22(1.0),16/04/26 23:00:00,Annual,Total,From 15 to 24 years,Neither formal nor non-formal education or training,Not employed persons,Percentage,Prov. Liège,2024,8.5,b,
ESTAT:EDAT_LFSE_22(1.0),16/04/26 23:00:00,Annual,Total,From 15 to 24 years,Neither formal nor non-formal education or training,Not employed persons,Percentage,Prov. Luxembourg (BE),2024,6.6,bu,
ESTAT:EDAT_LFSE_22(1.0),16/04/26 23:00:00,Annual,Total,From 15 to 24 years,Neither formal nor non-formal education or training,Not employed persons,Percentage,Prov. Namur,2024,9.8,b,
ESTAT:EDAT_LFSE_22(1.0),16/04/26 23:00:00,Annual,Total,From 15 to 24 years,Neither formal nor non-formal education or training,Not employed persons,Percentage,Bulgaria,2024,10.5,b,
ESTAT:EDAT_LFSE_22(1.0),16/04/26 23:00:00,Annual,Total,From 15 to 24 years,Neither formal nor non-formal education or training,Not employed persons,Percentage,Severna i Yugoiztochna Bulgaria,2024,15.2,b,
ESTAT:EDAT_LFSE_22(1.0),16/04/26 23:00:00,Annual,Total,From 15 to 24 years,Neither formal nor non-formal education or training,Not employed persons,Percentage,Severozapaden,2024,20.8,b,
ESTAT:EDAT_LFSE_22(1.0),16/04/26 23:00:00,Annual,Total,From 15 to 24 years,Neither formal nor non-formal education or training,Not employed persons,Percentage,Severen tsentralen,2024,13.7,b,
ESTAT:EDAT_LFSE_22(1.0),16/04/26 23:00:00,Annual,Total,From 15 to 24 years,Neither formal nor non-formal education or training,Not employed persons,Percentage,Severoiztochen,2024,11.8,b,
ESTAT:EDAT_LFSE_22(1.0),16/04/26 23:00:00,Annual,Total,From 15 to 24 years,Neither formal nor non-formal education or training,Not employed persons,Percentage,Yugoiztochen,2024,15.2,b,
ESTAT:EDAT_LFSE_22(1.0),16/04/26 23:00:00,Annual,Total,From 15 to 24 years,Neither formal nor non-formal education or training,Not employed persons,Percentage,Yugozapadna i Yuzhna tsentralna Bulgaria,2024,6.9,b,
ESTAT:EDAT_LFSE_22(1.0),16/04/26 23:00:00,Annual,Total,From 15 to 24 years,Neither formal nor non-formal education or training,Not employed persons,Percentage,Yugozapaden,2024,4.6,b,
ESTAT:EDAT_LFSE_22(1.0),16/04/26 23:00:00,Annual,Total,From 15 to 24 years,Neither formal nor non-formal education or training,Not employed persons,Percentage,Yuzhen tsentralen,2024,12.1,b,
ESTAT:EDAT_LFSE_22(1.0),16/04/26 23:00:00,Annual,Total,From 15 to 24 years,Neither formal nor non-formal education or training,Not employed persons,Percentage,Switzerland,2024,9.6,,
ESTAT:EDAT_LFSE_22(1.0),16/04/26 23:00:00,Annual,Total,From 15 to 24 years,Neither formal nor non-formal education or training,Not employed persons,Percentage,Schweiz/Suisse/Svizzera,2024,9.6,,
ESTAT:EDAT_LFSE_22(1.0),16/04/26 23:00:00,Annual,Total,From 15 to 24 years,Neither formal nor non-formal education or training,Not employed persons,Percentage,Région lémanique,2024,12.8,,
ESTAT:EDAT_LFSE_22(1.0),16/04/26 23:00:00,Annual,Total,From 15 to 24 years,Neither formal nor non-formal education or training,Not employed persons,Percentage,Espace Mittelland,2024,8.7,,
ESTAT:EDAT_LFSE_22(1.0),16/04/26 23:00:00,Annual,Total,From 15 to 24 years,Neither formal nor non-formal education or training,Not employed persons,Percentage,Nordwestschweiz,2024,8.7,,
ESTAT:EDAT_LFSE_22(1.0),16/04/26 23:00:00,Annual,Total,From 15 to 24 years,Neither formal nor non-formal education or training,Not employed persons,Percentage,Zürich,2024,10.6,,
ESTAT:EDAT_LFSE_22(1.0),16/04/26 23:00:00,Annual,Total,From 15 to 24 years,Neither formal nor non-formal education or training,Not employed persons,Percentage,Ostschweiz,2024,6.9,,
ESTAT:EDAT_LFSE_22(1.0),16/04/26 23:00:00,Annual,Total,From 15 to 24 years,Neither formal nor non-formal education or training,Not employed persons,Percentage,Zentralschweiz,2024,6.5,,
ESTAT:EDAT_LFSE_22(1.0),16/04/26 23:00:00,Annual,Total,From 15 to 24 years,Neither formal nor non-formal education or training,Not employed persons,Percentage,Ticino,2024,12.0,u,
ESTAT:EDAT_LFSE_22(1.0),16/04/26 23:00:00,Annual,Total,From 15 to 24 years,Neither formal nor non-formal education or training,Not employed persons,Percentage,Cyprus,2024,10.6,,
ESTAT:EDAT_LFSE_22(1.0),16/04/26 23:00:00,Annual,Total,From 15 to 24 years,Neither formal nor non-formal education or training,Not employed persons,Percentage,Kýpros,2024,10.6,,
ESTAT:EDAT_LFSE_22(1.0),16/04/26 23:00:00,Annual,Total,From 15 to 24 years,Neither formal nor non-formal education or training,Not employed persons,Percentage,Czechia,2024,4.6,,
ESTAT:EDAT_LFSE_22(1.0),16/04/26 23:00:00,Annual,Total,From 15 to 24 years,Neither formal nor non-formal education or training,Not employed persons,Percentage,Česko,2024,4.6,,
ESTAT:EDAT_LFSE_22(1.0),16/04/26 23:00:00,Annual,Total,From 15 to 24 years,Neither formal nor non-formal education or training,Not employed persons,Percentage,Praha,2024,2.1,u,
ESTAT:EDAT_LFSE_22(1.0),16/04/26 23:00:00,Annual,Total,From 15 to 24 years,Neither formal nor non-formal education or training,Not employed persons,Percentage,Střední Čechy,2024,2.5,,
ESTAT:EDAT_LFSE_22(1.0),16/04/26 23:00:00,Annual,Total,From 15 to 24 years,Neither formal nor non-formal education or training,Not employed persons,Percentage,Jihozápad,2024,4.8,,
ESTAT:EDAT_LFSE_22(1.0),16/04/26 23:00:00,Annual,Total,From 15 to 24 years,Neither formal nor non-formal education or training,Not employed persons,Percentage,Severozápad,2024,10.3,,
ESTAT:EDAT_LFSE_22(1.0),16/04/26 23:00:00,Annual,Total,From 15 to 24 years,Neither formal nor non-formal education or training,Not employed persons,Percentage,Severovýchod,2024,4.5,,
ESTAT:EDAT_LFSE_22(1.0),16/04/26 23:00:00,Annual,Total,From 15 to 24 years,Neither formal nor non-formal education or training,Not employed persons,Percentage,Jihovýchod,2024,3.5,,
ESTAT:EDAT_LFSE_22(1.0),16/04/26 23:00:00,Annual,Total,From 15 to 24 years,Neither formal nor non-formal education or training,Not employed persons,Percentage,Střední Morava,2024,5.1,,
ESTAT:EDAT_LFSE_22(1.0),16/04/26 23:00:00,Annual,Total,From 15 to 24 years,Neither formal nor non-formal education or training,Not employed persons,Percentage,Moravskoslezsko,2024,5.7,,
ESTAT:EDAT_LFSE_22(1.0),16/04/26 23:00:00,Annual,Total,From 15 to 24 years,Neither formal nor non-formal education or training,Not employed persons,Percentage,Germany,2024,7.5,b,
ESTAT:EDAT_LFSE_22(1.0),16/04/26 23:00:00,Annual,Total,From 15 to 24 years,Neither formal nor non-formal education or training,Not employed persons,Percentage,Baden-Württemberg,2024,6.9,b,
ESTAT:EDAT_LFSE_22(1.0),16/04/26 23:00:00,Annual,Total,From 15 to 24 years,Neither formal nor non-formal education or training,Not employed persons,Percentage,Stuttgart,2024,7.4,b,
ESTAT:EDAT_LFSE_22(1.0),16/04/26 23:00:00,Annual,Total,From 15 to 24 years,Neither formal nor non-formal education or training,Not employed persons,Percentage,Karlsruhe,2024,6.6,bu,
ESTAT:EDAT_LFSE_22(1.0),16/04/26 23:00:00,Annual,Total,From 15 to 24 years,Neither formal nor non-formal education or training,Not employed persons,Percentage,Freiburg,2024,6.9,bu,
ESTAT:EDAT_LFSE_22(1.0),16/04/26 23:00:00,Annual,Total,From 15 to 24 years,Neither formal nor non-formal education or training,Not employed persons,Percentage,Tübingen,2024,6.4,bu,
ESTAT:EDAT_LFSE_22(1.0),16/04/26 23:00:00,Annual,Total,From 15 to 24 years,Neither formal nor non-formal education or training,Not employed persons,Percentage,Bayern,2024,5.0,b,
ESTAT:EDAT_LFSE_22(1.0),16/04/26 23:00:00,Annual,Total,From 15 to 24 years,Neither formal nor non-formal education or training,Not employed persons,Percentage,Oberbayern,2024,5.0,bu,
ESTAT:EDAT_LFSE_22(1.0),16/04/26 23:00:00,Annual,Total,From 15 to 24 years,Neither formal nor non-formal education or training,Not employed persons,Percentage,Niederbayern,2024,,bu,
ESTAT:EDAT_LFSE_22(1.0),16/04/26 23:00:00,Annual,Total,From 15 to 24 years,Neither formal nor non-formal education or training,Not employed persons,Percentage,Oberpfalz,2024,,bu,
ESTAT:EDAT_LFSE_22(1.0),16/04/26 23:00:00,Annual,Total,From 15 to 24 years,Neither formal nor non-formal education or training,Not employed persons,Percentage,Oberfranken,2024,,bu,
ESTAT:EDAT_LFSE_22(1.0),16/04/26 23:00:00,Annual,Total,From 15 to 24 years,Neither formal nor non-formal education or training,Not employed persons,Percentage,Mittelfranken,2024,,bu,
ESTAT:EDAT_LFSE_22(1.0),16/04/26 23:00:00,Annual,Total,From 15 to 24 years,Neither formal nor non-formal education or training,Not employed persons,Percentage,Unterfranken,2024,,bu,
ESTAT:EDAT_LFSE_22(1.0),16/04/26 23:00:00,Annual,Total,From 15 to 24 years,Neither formal nor non-formal education or training,Not employed persons,Percentage,Schwaben,2024,,bu,
ESTAT:EDAT_LFSE_22(1.0),16/04/26 23:00:00,Annual,Total,From 15 to 24 years,Neither formal nor non-formal education or training,Not employed persons,Percentage,Berlin,2024,11.3,b,
ESTAT:EDAT_LFSE_22(1.0),16/04/26 23:00:00,Annual,Total,From 15 to 24 years,Neither formal nor non-formal education or training,Not employed persons,Percentage,Brandenburg,2024,9.4,bu,
ESTAT:EDAT_LFSE_22(1.0),16/04/26 23:00:00,Annual,Total,From 15 to 24 years,Neither formal nor non-formal education or training,Not employed persons,Percentage,Bremen,2024,,bu,
ESTAT:EDAT_LFSE_22(1.0),16/04/26 23:00:00,Annual,Total,From 15 to 24 years,Neither formal nor non-formal education or training,Not employed persons,Percentage,Hamburg,2024,8.5,bu,
ESTAT:EDAT_LFSE_22(1.0),16/04/26 23:00:00,Annual,Total,From 15 to 24 years,Neither formal nor non-formal education or training,Not employed persons,Percentage,Hessen,2024,8.6,b,
ESTAT:EDAT_LFSE_22(1.0),16/04/26 23:00:00,Annual,Total,From 15 to 24 years,Neither formal nor non-formal education or training,Not employed persons,Percentage,Darmstadt,2024,8.4,b,
ESTAT:EDAT_LFSE_22(1.0),16/04/26 23:00:00,Annual,Total,From 15 to 24 years,Neither formal nor non-formal education or training,Not employed persons,Percentage,Gießen,2024,,bu,
ESTAT:EDAT_LFSE_22(1.0),16/04/26 23:00:00,Annual,Total,From 15 to 24 years,Neither formal nor non-formal education or training,Not employed persons,Percentage,Kassel,2024,,bu,
ESTAT:EDAT_LFSE_22(1.0),16/04/26 23:00:00,Annual,Total,From 15 to 24 years,Neither formal nor non-formal education or training,Not employed persons,Percentage,Mecklenburg-Vorpommern,2024,,bu,
ESTAT:EDAT_LFSE_22(1.0),16/04/26 23:00:00,Annual,Total,From 15 to 24 years,Neither formal nor non-formal education or training,Not employed persons,Percentage,Niedersachsen,2024,8.2,b,
ESTAT:EDAT_LFSE_22(1.0),16/04/26 23:00:00,Annual,Total,From 15 to 24 years,Neither formal nor non-formal education or training,Not employed persons,Percentage,Braunschweig,2024,9.2,bu,
ESTAT:EDAT_LFSE_22(1.0),16/04/26 23:00:00,Annual,Total,From 15 to 24 years,Neither formal nor non-formal education or training,Not employed persons,Percentage,Hannover,2024,8.7,bu,
ESTAT:EDAT_LFSE_22(1.0),16/04/26 23:00:00,Annual,Total,From 15 to 24 years,Neither formal nor non-formal education or training,Not employed persons,Percentage,Lüneburg,2024,7.4,bu,
ESTAT:EDAT_LFSE_22(1.0),16/04/26 23:00:00,Annual,Total,From 15 to 24 years,Neither formal nor non-formal education or training,Not employed persons,Percentage,Weser-Ems,2024,7.8,bu,
ESTAT:EDAT_LFSE_22(1.0),16/04/26 23:00:00,Annual,Total,From 15 to 24 years,Neither formal nor non-formal education or training,Not employed persons,Percentage,Nordrhein-Westfalen,2024,7.3,b,
ESTAT:EDAT_LFSE_22(1.0),16/04/26 23:00:00,Annual,Total,From 15 to 24 years,Neither formal nor non-formal education or training,Not employed persons,Percentage,Düsseldorf,2024,8.3,b,
ESTAT:EDAT_LFSE_22(1.0),16/04/26 23:00:00,Annual,Total,From 15 to 24 years,Neither formal nor non-formal education or training,Not employed persons,Percentage,Köln,2024,6.0,b,
ESTAT:EDAT_LFSE_22(1.0),16/04/26 23:00:00,Annual,Total,From 15 to 24 years,Neither formal nor non-formal education or training,Not employed persons,Percentage,Münster,2024,7.5,bu,
ESTAT:EDAT_LFSE_22(1.0),16/04/26 23:00:00,Annual,Total,From 15 to 24 years,Neither formal nor non-formal education or training,Not employed persons,Percentage,Detmold,2024,6.1,bu,
ESTAT:EDAT_LFSE_22(1.0),16/04/26 23:00:00,Annual,Total,From 15 to 24 years,Neither formal nor non-formal education or training,Not employed persons,Percentage,Arnsberg,2024,7.9,b,
ESTAT:EDAT_LFSE_22(1.0),16/04/26 23:00:00,Annual,Total,From 15 to 24 years,Neither formal nor non-formal education or training,Not employed persons,Percentage,Rheinland-Pfalz,2024,7.7,b,
ESTAT:EDAT_LFSE_22(1.0),16/04/26 23:00:00,Annual,Total,From 15 to 24 years,Neither formal nor non-formal education or training,Not employed persons,Percentage,Koblenz,2024,,bu,
ESTAT:EDAT_LFSE_22(1.0),16/04/26 23:00:00,Annual,Total,From 15 to 24 years,Neither formal nor non-formal education or training,Not employed persons,Percentage,Trier,2024,,bu,
ESTAT:EDAT_LFSE_22(1.0),16/04/26 23:00:00,Annual,Total,From 15 to 24 years,Neither formal nor non-formal education or training,Not employed persons,Percentage,Rheinhessen-Pfalz,2024,8.6,bu,
ESTAT:EDAT_LFSE_22(1.0),16/04/26 23:00:00,Annual,Total,From 15 to 24 years,Neither formal nor non-formal education or training,Not employed persons,Percentage,Saarland,2024,,bu,
ESTAT:EDAT_LFSE_22(1.0),16/04/26 23:00:00,Annual,Total,From 15 to 24 years,Neither formal nor non-formal education or training,Not employed persons,Percentage,Sachsen,2024,5.8,bu,
ESTAT:EDAT_LFSE_22(1.0),16/04/26 23:00:00,Annual,Total,From 15 to 24 years,Neither formal nor non-formal education or training,Not employed persons,Percentage,Dresden,2024,,bu,
ESTAT:EDAT_LFSE_22(1.0),16/04/26 23:00:00,Annual,Total,From 15 to 24 years,Neither formal nor non-formal education or training,Not employed persons,Percentage,Chemnitz,2024,,bu,
ESTAT:EDAT_LFSE_22(1.0),16/04/26 23:00:00,Annual,Total,From 15 to 24 years,Neither formal nor non-formal education or training,Not employed persons,Percentage,Leipzig,2024,,bu,
ESTAT:EDAT_LFSE_22(1.0),16/04/26 23:00:00,Annual,Total,From 15 to 24 years,Neither formal nor non-formal education or training,Not employed persons,Percentage,Sachsen-Anhalt,2024,7.7,bu,
ESTAT:EDAT_LFSE_22(1.0),16/04/26 23:00:00,Annual,Total,From 15 to 24 years,Neither formal nor non-formal education or training,Not employed persons,Percentage,Schleswig-Holstein,2024,9.9,b,
ESTAT:EDAT_LFSE_22(1.0),16/04/26 23:00:00,Annual,Total,From 15 to 24 years,Neither formal nor non-formal education or training,Not employed persons,Percentage,Thüringen,2024,8.8,bu,
ESTAT:EDAT_LFSE_22(1.0),16/04/26 23:00:00,Annual,Total,From 15 to 24 years,Neither formal nor non-formal education or training,Not employed persons,Percentage,Denmark,2024,6.8,,
ESTAT:EDAT_LFSE_22(1.0),16/04/26 23:00:00,Annual,Total,From 15 to 24 years,Neither formal nor non-formal education or training,Not employed persons,Percentage,Danmark,2024,6.8,,
ESTAT:EDAT_LFSE_22(1.0),16/04/26 23:00:00,Annual,Total,From 15 to 24 years,Neither formal nor non-formal education or training,Not employed persons,Percentage,Hovedstaden,2024,5.7,,
ESTAT:EDAT_LFSE_22(1.0),16/04/26 23:00:00,Annual,Total,From 15 to 24 years,Neither formal nor non-formal education or training,Not employed persons,Percentage,Sjælland,2024,7.5,,
ESTAT:EDAT_LFSE_22(1.0),16/04/26 23:00:00,Annual,Total,From 15 to 24 years,Neither formal nor non-formal education or training,Not employed persons,Percentage,Syddanmark,2024,8.0,,
ESTAT:EDAT_LFSE_22(1.0),16/04/26 23:00:00,Annual,Total,From 15 to 24 years,Neither formal nor non-formal education or training,Not employed persons,Percentage,Midtjylland,2024,7.1,,
ESTAT:EDAT_LFSE_22(1.0),16/04/26 23:00:00,Annual,Total,From 15 to 24 years,Neither formal nor non-formal education or training,Not employed persons,Percentage,Nordjylland,2024,6.9,,
ESTAT:EDAT_LFSE_22(1.0),16/04/26 23:00:00,Annual,Total,From 15 to 24 years,Neither formal nor non-formal education or training,Not employed persons,Percentage,Euro area – 21 countries (from 2026),2024,9.2,,
ESTAT:EDAT_LFSE_22(1.0),16/04/26 23:00:00,Annual,Total,From 15 to 24 years,Neither formal nor non-formal education or training,Not employed persons,Percentage,Estonia,2024,10.2,,
ESTAT:EDAT_LFSE_22(1.0),16/04/26 23:00:00,Annual,Total,From 15 to 24 years,Neither formal nor non-formal education or training,Not employed persons,Percentage,Eesti,2024,10.2,,
ESTAT:EDAT_LFSE_22(1.0),16/04/26 23:00:00,Annual,Total,From 15 to 24 years,Neither formal nor non-formal education or training,Not employed persons,Percentage,Greece,2024,9.6,b,
ESTAT:EDAT_LFSE_22(1.0),16/04/26 23:00:00,Annual,Total,From 15 to 24 years,Neither formal nor non-formal education or training,Not employed persons,Percentage,Attiki,2024,7.3,b,
ESTAT:EDAT_LFSE_22(1.0),16/04/26 23:00:00,Annual,Total,From 15 to 24 years,Neither formal nor non-formal education or training,Not employed persons,Percentage,"Nisia Aigaiou, Kriti",2024,11.6,b,
ESTAT:EDAT_LFSE_22(1.0),16/04/26 23:00:00,Annual,Total,From 15 to 24 years,Neither formal nor non-formal education or training,Not employed persons,Percentage,Voreio Aigaio,2024,17.6,bu,
ESTAT:EDAT_LFSE_22(1.0),16/04/26 23:00:00,Annual,Total,From 15 to 24 years,Neither formal nor non-formal education or training,Not employed persons,Percentage,Notio Aigaio,2024,13.7,b,
ESTAT:EDAT_LFSE_22(1.0),16/04/26 23:00:00,Annual,Total,From 15 to 24 years,Neither formal nor non-formal education or training,Not employed persons,Percentage,Kriti,2024,8.9,b,
ESTAT:EDAT_LFSE_22(1.0),16/04/26 23:00:00,Annual,Total,From 15 to 24 years,Neither formal nor non-formal education or training,Not employed persons,Percentage,Voreia Elláda,2024,12.1,b,
ESTAT:EDAT_LFSE_22(1.0),16/04/26 23:00:00,Annual,Total,From 15 to 24 years,Neither formal nor non-formal education or training,Not employed persons,Percentage,"Anatoliki Makedonia, Thraki",2024,11.4,b,
ESTAT:EDAT_LFSE_22(1.0),16/04/26 23:00:00,Annual,Total,From 15 to 24 years,Neither formal nor non-formal education or training,Not employed persons,Percentage,Kentriki Makedonia,2024,12.1,b,
ESTAT:EDAT_LFSE_22(1.0),16/04/26 23:00:00,Annual,Total,From 15 to 24 years,Neither formal nor non-formal education or training,Not employed persons,Percentage,Dytiki Makedonia,2024,11.8,bu,
ESTAT:EDAT_LFSE_22(1.0),16/04/26 23:00:00,Annual,Total,From 15 to 24 years,Neither formal nor non-formal education or training,Not employed persons,Percentage,Ipeiros,2024,13.7,b,
ESTAT:EDAT_LFSE_22(1.0),16/04/26 23:00:00,Annual,Total,From 15 to 24 years,Neither formal nor non-formal education or training,Not employed persons,Percentage,Kentriki Elláda,2024,8.7,b,
ESTAT:EDAT_LFSE_22(1.0),16/04/26 23:00:00,Annual,Total,From 15 to 24 years,Neither formal nor non-formal education or training,Not employed persons,Percentage,Thessalia,2024,6.6,b,
ESTAT:EDAT_LFSE_22(1.0),16/04/26 23:00:00,Annual,Total,From 15 to 24 years,Neither formal nor non-formal education or training,Not employed persons,Percentage,Ionia Nisia,2024,12.8,bu,
ESTAT:EDAT_LFSE_22(1.0),16/04/26 23:00:00,Annual,Total,From 15 to 24 years,Neither formal nor non-formal education or training,Not employed persons,Percentage,Dytiki Elláda,2024,6.5,b,
ESTAT:EDAT_LFSE_22(1.0),16/04/26 23:00:00,Annual,Total,From 15 to 24 years,Neither formal nor non-formal education or training,Not employed persons,Percentage,Sterea Elláda,2024,12.3,b,
ESTAT:EDAT_LFSE_22(1.0),16/04/26 23:00:00,Annual,Total,From 15 to 24 years,Neither formal nor non-formal education or training,Not employed persons,Percentage,Peloponnisos,2024,10.5,b,
ESTAT:EDAT_LFSE_22(1.0),16/04/26 23:00:00,Annual,Total,From 15 to 24 years,Neither formal nor non-formal education or training,Not employed persons,Percentage,Spain,2024,10.1,d,
ESTAT:EDAT_LFSE_22(1.0),16/04/26 23:00:00,Annual,Total,From 15 to 24 years,Neither formal nor non-formal education or training,Not employed persons,Percentage,Noroeste,2024,8.6,d,
ESTAT:EDAT_LFSE_22(1.0),16/04/26 23:00:00,Annual,Total,From 15 to 24 years,Neither formal nor non-formal education or training,Not employed persons,Percentage,Galicia,2024,8.9,d,
ESTAT:EDAT_LFSE_22(1.0),16/04/26 23:00:00,Annual,Total,From 15 to 24 years,Neither formal nor non-formal education or training,Not employed persons,Percentage,Principado de Asturias,2024,9.6,d,
ESTAT:EDAT_LFSE_22(1.0),16/04/26 23:00:00,Annual,Total,From 15 to 24 years,Neither formal nor non-formal education or training,Not employed persons,Percentage,Cantabria,2024,5.4,du,
ESTAT:EDAT_LFSE_22(1.0),16/04/26 23:00:00,Annual,Total,From 15 to 24 years,Neither formal nor non-formal education or training,Not employed persons,Percentage,Noreste,2024,7.4,d,
ESTAT:EDAT_LFSE_22(1.0),16/04/26 23:00:00,Annual,Total,From 15 to 24 years,Neither formal nor non-formal education or training,Not employed persons,Percentage,País Vasco,2024,6.4,d,
ESTAT:EDAT_LFSE_22(1.0),16/04/26 23:00:00,Annual,Total,From 15 to 24 years,Neither formal nor non-formal education or training,Not employed persons,Percentage,Comunidad Foral de Navarra,2024,8.1,d,
ESTAT:EDAT_LFSE_22(1.0),16/04/26 23:00:00,Annual,Total,From 15 to 24 years,Neither formal nor non-formal education or training,Not employed persons,Percentage,La Rioja,2024,11.3,du,
ESTAT:EDAT_LFSE_22(1.0),16/04/26 23:00:00,Annual,Total,From 15 to 24 years,Neither formal nor non-formal education or training,Not employed persons,Percentage,Aragón,2024,7.8,d,
ESTAT:EDAT_LFSE_22(1.0),16/04/26 23:00:00,Annual,Total,From 15 to 24 years,Neither formal nor non-formal education or training,Not employed persons,Percentage,Comunidad de Madrid,2024,9.3,d,
ESTAT:EDAT_LFSE_22(1.0),16/04/26 23:00:00,Annual,Total,From 15 to 24 years,Neither formal nor non-formal education or training,Not employed persons,Percentage,Centro (ES),2024,9.5,d,
ESTAT:EDAT_LFSE_22(1.0),16/04/26 23:00:00,Annual,Total,From 15 to 24 years,Neither formal nor non-formal education or training,Not employed persons,Percentage,Castilla y León,2024,9.4,d,
ESTAT:EDAT_LFSE_22(1.0),16/04/26 23:00:00,Annual,Total,From 15 to 24 years,Neither formal nor non-formal education or training,Not employed persons,Percentage,Castilla-La Mancha,2024,10.2,d,
ESTAT:EDAT_LFSE_22(1.0),16/04/26 23:00:00,Annual,Total,From 15 to 24 years,Neither formal nor non-formal education or training,Not employed persons,Percentage,Extremadura,2024,8.6,d,
ESTAT:EDAT_LFSE_22(1.0),16/04/26 23:00:00,Annual,Total,From 15 to 24 years,Neither formal nor non-formal education or training,Not employed persons,Percentage,Este,2024,10.6,d,
ESTAT:EDAT_LFSE_22(1.0),16/04/26 23:00:00,Annual,Total,From 15 to 24 years,Neither formal nor non-formal education or training,Not employed persons,Percentage,Cataluña,2024,11.9,d,
ESTAT:EDAT_LFSE_22(1.0),16/04/26 23:00:00,Annual,Total,From 15 to 24 years,Neither formal nor non-formal education or training,Not employed persons,Percentage,Comunitat Valenciana,2024,8.3,d,
ESTAT:EDAT_LFSE_22(1.0),16/04/26 23:00:00,Annual,Total,From 15 to 24 years,Neither formal nor non-formal education or training,Not employed persons,Percentage,Illes Balears,2024,12.0,d,
ESTAT:EDAT_LFSE_22(1.0),16/04/26 23:00:00,Annual,Total,From 15 to 24 years,Neither formal nor non-formal education or training,Not employed persons,Percentage,Sur,2024,11.7,d,
ESTAT:EDAT_LFSE_22(1.0),16/04/26 23:00:00,Annual,Total,From 15 to 24 years,Neither formal nor non-formal education or training,Not employed persons,Percentage,Andalucía,2024,11.7,d,
ESTAT:EDAT_LFSE_22(1.0),16/04/26 23:00:00,Annual,Total,From 15 to 24 years,Neither formal nor non-formal education or training,Not employed persons,Percentage,Región de Murcia,2024,11.2,d,
ESTAT:EDAT_LFSE_22(1.0),16/04/26 23:00:00,Annual,Total,From 15 to 24 years,Neither formal nor non-formal education or training,Not employed persons,Percentage,Ciudad de Ceuta,2024,11.2,du,
ESTAT:EDAT_LFSE_22(1.0),16/04/26 23:00:00,Annual,Total,From 15 to 24 years,Neither formal nor non-formal education or training,Not employed persons,Percentage,Ciudad de Melilla,2024,18.4,du,
ESTAT:EDAT_LFSE_22(1.0),16/04/26 23:00:00,Annual,Total,From 15 to 24 years,Neither formal nor non-formal education or training,Not employed persons,Percentage,Canarias,2024,11.1,d,
ESTAT:EDAT_LFSE_22(1.0),16/04/26 23:00:00,Annual,Total,From 15 to 24 years,Neither formal nor non-formal education or training,Not employed persons,Percentage,European Union - 27 countries (from 2020),2024,9.2,,
ESTAT:EDAT_LFSE_22(1.0),16/04/26 23:00:00,Annual,Total,From 15 to 24 years,Neither formal nor non-formal education or training,Not employed persons,Percentage,Finland,2024,8.3,,
ESTAT:EDAT_LFSE_22(1.0),16/04/26 23:00:00,Annual,Total,From 15 to 24 years,Neither formal nor non-formal education or training,Not employed persons,Percentage,Manner-Suomi,2024,8.3,,
ESTAT:EDAT_LFSE_22(1.0),16/04/26 23:00:00,Annual,Total,From 15 to 24 years,Neither formal nor non-formal education or training,Not employed persons,Percentage,Länsi-Suomi,2024,7.8,,
ESTAT:EDAT_LFSE_22(1.0),16/04/26 23:00:00,Annual,Total,From 15 to 24 years,Neither formal nor non-formal education or training,Not employed persons,Percentage,Helsinki-Uusimaa,2024,6.9,,
ESTAT:EDAT_LFSE_22(1.0),16/04/26 23:00:00,Annual,Total,From 15 to 24 years,Neither formal nor non-formal education or training,Not employed persons,Percentage,Etelä-Suomi,2024,9.5,,
ESTAT:EDAT_LFSE_22(1.0),16/04/26 23:00:00,Annual,Total,From 15 to 24 years,Neither formal nor non-formal education or training,Not employed persons,Percentage,Pohjois- ja Itä-Suomi,2024,10.0,,
ESTAT:EDAT_LFSE_22(1.0),16/04/26 23:00:00,Annual,Total,From 15 to 24 years,Neither formal nor non-formal education or training,Not employed persons,Percentage,Åland,2024,,u,
ESTAT:EDAT_LFSE_22(1.0),16/04/26 23:00:00,Annual,Total,From 15 to 24 years,Neither formal nor non-formal education or training,Not employed persons,Percentage,France,2024,10.7,d,
ESTAT:EDAT_LFSE_22(1.0),16/04/26 23:00:00,Annual,Total,From 15 to 24 years,Neither formal nor non-formal education or training,Not employed persons,Percentage,Ile de France,2024,9.4,d,
ESTAT:EDAT_LFSE_22(1.0),16/04/26 23:00:00,Annual,Total,From 15 to 24 years,Neither formal nor non-formal education or training,Not employed persons,Percentage,Centre — Val de Loire,2024,9.0,d,
ESTAT:EDAT_LFSE_22(1.0),16/04/26 23:00:00,Annual,Total,From 15 to 24 years,Neither formal nor non-formal education or training,Not employed persons,Percentage,Bourgogne-Franche-Comté,2024,10.9,d,
ESTAT:EDAT_LFSE_22(1.0),16/04/26 23:00:00,Annual,Total,From 15 to 24 years,Neither formal nor non-formal education or training,Not employed persons,Percentage,Bourgogne,2024,11.1,d,
ESTAT:EDAT_LFSE_22(1.0),16/04/26 23:00:00,Annual,Total,From 15 to 24 years,Neither formal nor non-formal education or training,Not employed persons,Percentage,Franche-Comté,2024,10.5,d,
ESTAT:EDAT_LFSE_22(1.0),16/04/26 23:00:00,Annual,Total,From 15 to 24 years,Neither formal nor non-formal education or training,Not employed persons,Percentage,Normandie,2024,12.3,d,
ESTAT:EDAT_LFSE_22(1.0),16/04/26 23:00:00,Annual,Total,From 15 to 24 years,Neither formal nor non-formal education or training,Not employed persons,Percentage,Basse-Normandie,2024,12.2,d,
ESTAT:EDAT_LFSE_22(1.0),16/04/26 23:00:00,Annual,Total,From 15 to 24 years,Neither formal nor non-formal education or training,Not employed persons,Percentage,Haute-Normandie,2024,12.4,d,
ESTAT:EDAT_LFSE_22(1.0),16/04/26 23:00:00,Annual,Total,From 15 to 24 years,Neither formal nor non-formal education or training,Not employed persons,Percentage,Hauts-de-France,2024,13.7,d,
ESTAT:EDAT_LFSE_22(1.0),16/04/26 23:00:00,Annual,Total,From 15 to 24 years,Neither formal nor non-formal education or training,Not employed persons,Percentage,Nord-Pas de Calais,2024,13.8,d,
ESTAT:EDAT_LFSE_22(1.0),16/04/26 23:00:00,Annual,Total,From 15 to 24 years,Neither formal nor non-formal education or training,Not employed persons,Percentage,Picardie,2024,13.5,d,
ESTAT:EDAT_LFSE_22(1.0),16/04/26 23:00:00,Annual,Total,From 15 to 24 years,Neither formal nor non-formal education or training,Not employed persons,Percentage,Grand Est,2024,12.5,d,
ESTAT:EDAT_LFSE_22(1.0),16/04/26 23:00:00,Annual,Total,From 15 to 24 years,Neither formal nor non-formal education or training,Not employed persons,Percentage,Alsace,2024,7.0,d,
ESTAT:EDAT_LFSE_22(1.0),16/04/26 23:00:00,Annual,Total,From 15 to 24 years,Neither formal nor non-formal education or training,Not employed persons,Percentage,Champagne-Ardenne,2024,14.2,d,
ESTAT:EDAT_LFSE_22(1.0),16/04/26 23:00:00,Annual,Total,From 15 to 24 years,Neither formal nor non-formal education or training,Not employed persons,Percentage,Lorraine,2024,16.8,d,
ESTAT:EDAT_LFSE_22(1.0),16/04/26 23:00:00,Annual,Total,From 15 to 24 years,Neither formal nor non-formal education or training,Not employed persons,Percentage,Pays de la Loire,2024,9.5,d,
ESTAT:EDAT_LFSE_22(1.0),16/04/26 23:00:00,Annual,Total,From 15 to 24 years,Neither formal nor non-formal education or training,Not employed persons,Percentage,Bretagne,2024,9.5,d,
ESTAT:EDAT_LFSE_22(1.0),16/04/26 23:00:00,Annual,Total,From 15 to 24 years,Neither formal nor non-formal education or training,Not employed persons,Percentage,Nouvelle-Aquitaine,2024,9.4,d,
ESTAT:EDAT_LFSE_22(1.0),16/04/26 23:00:00,Annual,Total,From 15 to 24 years,Neither formal nor non-formal education or training,Not employed persons,Percentage,Aquitaine,2024,8.7,d,
ESTAT:EDAT_LFSE_22(1.0),16/04/26 23:00:00,Annual,Total,From 15 to 24 years,Neither formal nor non-formal education or training,Not employed persons,Percentage,Limousin,2024,11.5,du,
ESTAT:EDAT_LFSE_22(1.0),16/04/26 23:00:00,Annual,Total,From 15 to 24 years,Neither formal nor non-formal education or training,Not employed persons,Percentage,Poitou-Charentes,2024,9.9,d,
ESTAT:EDAT_LFSE_22(1.0),16/04/26 23:00:00,Annual,Total,From 15 to 24 years,Neither formal nor non-formal education or training,Not employed persons,Percentage,Occitanie,2024,10.7,d,
ESTAT:EDAT_LFSE_22(1.0),16/04/26 23:00:00,Annual,Total,From 15 to 24 years,Neither formal nor non-formal education or training,Not employed persons,Percentage,Languedoc-Roussillon,2024,12.0,d,
ESTAT:EDAT_LFSE_22(1.0),16/04/26 23:00:00,Annual,Total,From 15 to 24 years,Neither formal nor non-formal education or training,Not employed persons,Percentage,Midi-Pyrénées,2024,9.4,d,
ESTAT:EDAT_LFSE_22(1.0),16/04/26 23:00:00,Annual,Total,From 15 to 24 years,Neither formal nor non-formal education or training,Not employed persons,Percentage,Auvergne-Rhône-Alpes,2024,9.3,d,
ESTAT:EDAT_LFSE_22(1.0),16/04/26 23:00:00,Annual,Total,From 15 to 24 years,Neither formal nor non-formal education or training,Not employed persons,Percentage,Auvergne,2024,10.7,d,
ESTAT:EDAT_LFSE_22(1.0),16/04/26 23:00:00,Annual,Total,From 15 to 24 years,Neither formal nor non-formal education or training,Not employed persons,Percentage,Rhône-Alpes,2024,9.1,d,
ESTAT:EDAT_LFSE_22(1.0),16/04/26 23:00:00,Annual,Total,From 15 to 24 years,Neither formal nor non-formal education or training,Not employed persons,Percentage,Provence-Alpes-Côte d’Azur,2024,9.9,d,
ESTAT:EDAT_LFSE_22(1.0),16/04/26 23:00:00,Annual,Total,From 15 to 24 years,Neither formal nor non-formal education or training,Not employed persons,Percentage,Corse,2024,17.7,du,
ESTAT:EDAT_LFSE_22(1.0),16/04/26 23:00:00,Annual,Total,From 15 to 24 years,Neither formal nor non-formal education or training,Not employed persons,Percentage,RUP FR — Régions Ultrapériphériques Françaises,2024,19.8,d,
ESTAT:EDAT_LFSE_22(1.0),16/04/26 23:00:00,Annual,Total,From 15 to 24 years,Neither formal nor non-formal education or training,Not employed persons,Percentage,Guadeloupe,2024,17.8,d,
ESTAT:EDAT_LFSE_22(1.0),16/04/26 23:00:00,Annual,Total,From 15 to 24 years,Neither formal nor non-formal education or training,Not employed persons,Percentage,Martinique,2024,16.1,d,
ESTAT:EDAT_LFSE_22(1.0),16/04/26 23:00:00,Annual,Total,From 15 to 24 years,Neither formal nor non-formal education or training,Not employed persons,Percentage,Guyane,2024,28.5,d,
ESTAT:EDAT_LFSE_22(1.0),16/04/26 23:00:00,Annual,Total,From 15 to 24 years,Neither formal nor non-formal education or training,Not employed persons,Percentage,La Réunion,2024,18.4,d,
ESTAT:EDAT_LFSE_22(1.0),16/04/26 23:00:00,Annual,Total,From 15 to 24 years,Neither formal nor non-formal education or training,Not employed persons,Percentage,Croatia,2024,8.0,,
ESTAT:EDAT_LFSE_22(1.0),16/04/26 23:00:00,Annual,Total,From 15 to 24 years,Neither formal nor non-formal education or training,Not employed persons,Percentage,Hrvatska,2024,8.0,,
ESTAT:EDAT_LFSE_22(1.0),16/04/26 23:00:00,Annual,Total,From 15 to 24 years,Neither formal nor non-formal education or training,Not employed persons,Percentage,Panonska Hrvatska,2024,10.9,,
ESTAT:EDAT_LFSE_22(1.0),16/04/26 23:00:00,Annual,Total,From 15 to 24 years,Neither formal nor non-formal education or training,Not employed persons,Percentage,Jadranska Hrvatska,2024,8.1,,
ESTAT:EDAT_LFSE_22(1.0),16/04/26 23:00:00,Annual,Total,From 15 to 24 years,Neither formal nor non-formal education or training,Not employed persons,Percentage,Kontinentalna Hrvatska (NUTS 2016),2024,,,
ESTAT:EDAT_LFSE_22(1.0),16/04/26 23:00:00,Annual,Total,From 15 to 24 years,Neither formal nor non-formal education or training,Not employed persons,Percentage,Grad Zagreb,2024,3.4,u,
ESTAT:EDAT_LFSE_22(1.0),16/04/26 23:00:00,Annual,Total,From 15 to 24 years,Neither formal nor non-formal education or training,Not employed persons,Percentage,Sjeverna Hrvatska,2024,8.4,u,
ESTAT:EDAT_LFSE_22(1.0),16/04/26 23:00:00,Annual,Total,From 15 to 24 years,Neither formal nor non-formal education or training,Not employed persons,Percentage,Hungary,2024,10.0,,
ESTAT:EDAT_LFSE_22(1.0),16/04/26 23:00:00,Annual,Total,From 15 to 24 years,Neither formal nor non-formal education or training,Not employed persons,Percentage,Közép-Magyarország,2024,5.4,,
ESTAT:EDAT_LFSE_22(1.0),16/04/26 23:00:00,Annual,Total,From 15 to 24 years,Neither formal nor non-formal education or training,Not employed persons,Percentage,Közép-Magyarország (NUTS 2013),2024,,,
ESTAT:EDAT_LFSE_22(1.0),16/04/26 23:00:00,Annual,Total,From 15 to 24 years,Neither formal nor non-formal education or training,Not employed persons,Percentage,Budapest,2024,4.9,,
ESTAT:EDAT_LFSE_22(1.0),16/04/26 23:00:00,Annual,Total,From 15 to 24 years,Neither formal nor non-formal education or training,Not employed persons,Percentage,Pest,2024,6.0,,
ESTAT:EDAT_LFSE_22(1.0),16/04/26 23:00:00,Annual,Total,From 15 to 24 years,Neither formal nor non-formal education or training,Not employed persons,Percentage,Dunántúl,2024,9.3,,
ESTAT:EDAT_LFSE_22(1.0),16/04/26 23:00:00,Annual,Total,From 15 to 24 years,Neither formal nor non-formal education or training,Not employed persons,Percentage,Közép-Dunántúl,2024,6.3,,
ESTAT:EDAT_LFSE_22(1.0),16/04/26 23:00:00,Annual,Total,From 15 to 24 years,Neither formal nor non-formal education or training,Not employed persons,Percentage,Nyugat-Dunántúl,2024,7.2,,
ESTAT:EDAT_LFSE_22(1.0),16/04/26 23:00:00,Annual,Total,From 15 to 24 years,Neither formal nor non-formal education or training,Not employed persons,Percentage,Dél-Dunántúl,2024,15.2,,
ESTAT:EDAT_LFSE_22(1.0),16/04/26 23:00:00,Annual,Total,From 15 to 24 years,Neither formal nor non-formal education or training,Not employed persons,Percentage,Alföld és Észak,2024,14.1,,
ESTAT:EDAT_LFSE_22(1.0),16/04/26 23:00:00,Annual,Total,From 15 to 24 years,Neither formal nor non-formal education or training,Not employed persons,Percentage,Észak-Magyarország,2024,18.1,,
ESTAT:EDAT_LFSE_22(1.0),16/04/26 23:00:00,Annual,Total,From 15 to 24 years,Neither formal nor non-formal education or training,Not employed persons,Percentage,Észak-Alföld,2024,15.2,,
ESTAT:EDAT_LFSE_22(1.0),16/04/26 23:00:00,Annual,Total,From 15 to 24 years,Neither formal nor non-formal education or training,Not employed persons,Percentage,Dél-Alföld,2024,8.8,,
ESTAT:EDAT_LFSE_22(1.0),16/04/26 23:00:00,Annual,Total,From 15 to 24 years,Neither formal nor non-formal education or training,Not employed persons,Percentage,Ireland,2024,5.8,b,
ESTAT:EDAT_LFSE_22(1.0),16/04/26 23:00:00,Annual,Total,From 15 to 24 years,Neither formal nor non-formal education or training,Not employed persons,Percentage,"Border, Midland and Western (NUTS 2013)",2024,,,
ESTAT:EDAT_LFSE_22(1.0),16/04/26 23:00:00,Annual,Total,From 15 to 24 years,Neither formal nor non-formal education or training,Not employed persons,Percentage,Southern and Eastern (NUTS 2013),2024,,,
ESTAT:EDAT_LFSE_22(1.0),16/04/26 23:00:00,Annual,Total,From 15 to 24 years,Neither formal nor non-formal education or training,Not employed persons,Percentage,Northern and Western,2024,5.6,bu,
ESTAT:EDAT_LFSE_22(1.0),16/04/26 23:00:00,Annual,Total,From 15 to 24 years,Neither formal nor non-formal education or training,Not employed persons,Percentage,Southern,2024,5.1,b,
ESTAT:EDAT_LFSE_22(1.0),16/04/26 23:00:00,Annual,Total,From 15 to 24 years,Neither formal nor non-formal education or training,Not employed persons,Percentage,Eastern and Midland,2024,6.3,b,
ESTAT:EDAT_LFSE_22(1.0),16/04/26 23:00:00,Annual,Total,From 15 to 24 years,Neither formal nor non-formal education or training,Not employed persons,Percentage,Iceland,2024,4.0,,
ESTAT:EDAT_LFSE_22(1.0),16/04/26 23:00:00,Annual,Total,From 15 to 24 years,Neither formal nor non-formal education or training,Not employed persons,Percentage,Ísland,2024,4.0,,
ESTAT:EDAT_LFSE_22(1.0),16/04/26 23:00:00,Annual,Total,From 15 to 24 years,Neither formal nor non-formal education or training,Not employed persons,Percentage,Italy,2024,12.0,,
ESTAT:EDAT_LFSE_22(1.0),16/04/26 23:00:00,Annual,Total,From 15 to 24 years,Neither formal nor non-formal education or training,Not employed persons,Percentage,Nord-Ovest,2024,9.1,,
ESTAT:EDAT_LFSE_22(1.0),16/04/26 23:00:00,Annual,Total,From 15 to 24 years,Neither formal nor non-formal education or training,Not employed persons,Percentage,Piemonte,2024,9.1,,
ESTAT:EDAT_LFSE_22(1.0),16/04/26 23:00:00,Annual,Total,From 15 to 24 years,Neither formal nor non-formal education or training,Not employed persons,Percentage,Valle d’Aosta/Vallée d’Aoste,2024,,u,
ESTAT:EDAT_LFSE_22(1.0),16/04/26 23:00:00,Annual,Total,From 15 to 24 years,Neither formal nor non-formal education or training,Not employed persons,Percentage,Liguria,2024,10.5,,
ESTAT:EDAT_LFSE_22(1.0),16/04/26 23:00:00,Annual,Total,From 15 to 24 years,Neither formal nor non-formal education or training,Not employed persons,Percentage,Lombardia,2024,8.9,,
ESTAT:EDAT_LFSE_22(1.0),16/04/26 23:00:00,Annual,Total,From 15 to 24 years,Neither formal nor non-formal education or training,Not employed persons,Percentage,Sud,2024,17.8,,
ESTAT:EDAT_LFSE_22(1.0),16/04/26 23:00:00,Annual,Total,From 15 to 24 years,Neither formal nor non-formal education or training,Not employed persons,Percentage,Abruzzo,2024,12.2,,
ESTAT:EDAT_LFSE_22(1.0),16/04/26 23:00:00,Annual,Total,From 15 to 24 years,Neither formal nor non-formal education or training,Not employed persons,Percentage,Molise,2024,14.2,,
ESTAT:EDAT_LFSE_22(1.0),16/04/26 23:00:00,Annual,Total,From 15 to 24 years,Neither formal nor non-formal education or training,Not employed persons,Percentage,Campania,2024,19.4,,
ESTAT:EDAT_LFSE_22(1.0),16/04/26 23:00:00,Annual,Total,From 15 to 24 years,Neither formal nor non-formal education or training,Not employed persons,Percentage,Puglia,2024,17.1,,
ESTAT:EDAT_LFSE_22(1.0),16/04/26 23:00:00,Annual,Total,From 15 to 24 years,Neither formal nor non-formal education or training,Not employed persons,Percentage,Basilicata,2024,13.4,,
ESTAT:EDAT_LFSE_22(1.0),16/04/26 23:00:00,Annual,Total,From 15 to 24 years,Neither formal nor non-formal education or training,Not employed persons,Percentage,Calabria,2024,19.3,,
ESTAT:EDAT_LFSE_22(1.0),16/04/26 23:00:00,Annual,Total,From 15 to 24 years,Neither formal nor non-formal education or training,Not employed persons,Percentage,Isole,2024,17.9,,
ESTAT:EDAT_LFSE_22(1.0),16/04/26 23:00:00,Annual,Total,From 15 to 24 years,Neither formal nor non-formal education or training,Not employed persons,Percentage,Sicilia,2024,19.5,,
ESTAT:EDAT_LFSE_22(1.0),16/04/26 23:00:00,Annual,Total,From 15 to 24 years,Neither formal nor non-formal education or training,Not employed persons,Percentage,Sardegna,2024,12.0,,
ESTAT:EDAT_LFSE_22(1.0),16/04/26 23:00:00,Annual,Total,From 15 to 24 years,Neither formal nor non-formal education or training,Not employed persons,Percentage,Nord-Est,2024,7.3,,
ESTAT:EDAT_LFSE_22(1.0),16/04/26 23:00:00,Annual,Total,From 15 to 24 years,Neither formal nor non-formal education or training,Not employed persons,Percentage,Provincia Autonoma di Bolzano/Bozen,2024,6.1,,
ESTAT:EDAT_LFSE_22(1.0),16/04/26 23:00:00,Annual,Total,From 15 to 24 years,Neither formal nor non-formal education or training,Not employed persons,Percentage,Provincia Autonoma di Trento,2024,6.9,,
ESTAT:EDAT_LFSE_22(1.0),16/04/26 23:00:00,Annual,Total,From 15 to 24 years,Neither formal nor non-formal education or training,Not employed persons,Percentage,Veneto,2024,7.2,,
ESTAT:EDAT_LFSE_22(1.0),16/04/26 23:00:00,Annual,Total,From 15 to 24 years,Neither formal nor non-formal education or training,Not employed persons,Percentage,Friuli-Venezia Giulia,2024,8.1,,
ESTAT:EDAT_LFSE_22(1.0),16/04/26 23:00:00,Annual,Total,From 15 to 24 years,Neither formal nor non-formal education or training,Not employed persons,Percentage,Emilia-Romagna,2024,7.4,,
ESTAT:EDAT_LFSE_22(1.0),16/04/26 23:00:00,Annual,Total,From 15 to 24 years,Neither formal nor non-formal education or training,Not employed persons,Percentage,Centro (IT),2024,9.7,,
ESTAT:EDAT_LFSE_22(1.0),16/04/26 23:00:00,Annual,Total,From 15 to 24 years,Neither formal nor non-formal education or training,Not employed persons,Percentage,Toscana,2024,8.7,,
ESTAT:EDAT_LFSE_22(1.0),16/04/26 23:00:00,Annual,Total,From 15 to 24 years,Neither formal nor non-formal education or training,Not employed persons,Percentage,Umbria,2024,7.5,,
ESTAT:EDAT_LFSE_22(1.0),16/04/26 23:00:00,Annual,Total,From 15 to 24 years,Neither formal nor non-formal education or training,Not employed persons,Percentage,Marche,2024,8.2,,
ESTAT:EDAT_LFSE_22(1.0),16/04/26 23:00:00,Annual,Total,From 15 to 24 years,Neither formal nor non-formal education or training,Not employed persons,Percentage,Lazio,2024,11.0,,
ESTAT:EDAT_LFSE_22(1.0),16/04/26 23:00:00,Annual,Total,From 15 to 24 years,Neither formal nor non-formal education or training,Not employed persons,Percentage,Lithuania,2024,14.9,,
ESTAT:EDAT_LFSE_22(1.0),16/04/26 23:00:00,Annual,Total,From 15 to 24 years,Neither formal nor non-formal education or training,Not employed persons,Percentage,Lietuva,2024,14.9,,
ESTAT:EDAT_LFSE_22(1.0),16/04/26 23:00:00,Annual,Total,From 15 to 24 years,Neither formal nor non-formal education or training,Not employed persons,Percentage,Lietuva (NUTS 2013),2024,,,
ESTAT:EDAT_LFSE_22(1.0),16/04/26 23:00:00,Annual,Total,From 15 to 24 years,Neither formal nor non-formal education or training,Not employed persons,Percentage,Sostinės regionas,2024,12.3,,
ESTAT:EDAT_LFSE_22(1.0),16/04/26 23:00:00,Annual,Total,From 15 to 24 years,Neither formal nor non-formal education or training,Not employed persons,Percentage,Vidurio ir vakarų Lietuvos regionas,2024,16.0,,
ESTAT:EDAT_LFSE_22(1.0),16/04/26 23:00:00,Annual,Total,From 15 to 24 years,Neither formal nor non-formal education or training,Not employed persons,Percentage,Luxembourg,2024,9.6,,
ESTAT:EDAT_LFSE_22(1.0),16/04/26 23:00:00,Annual,Total,From 15 to 24 years,Neither formal nor non-formal education or training,Not employed persons,Percentage,Latvia,2024,9.0,,
ESTAT:EDAT_LFSE_22(1.0),16/04/26 23:00:00,Annual,Total,From 15 to 24 years,Neither formal nor non-formal education or training,Not employed persons,Percentage,Latvija,2024,9.0,,
ESTAT:EDAT_LFSE_22(1.0),16/04/26 23:00:00,Annual,Total,From 15 to 24 years,Neither formal nor non-formal education or training,Not employed persons,Percentage,Montenegro,2024,,,
ESTAT:EDAT_LFSE_22(1.0),16/04/26 23:00:00,Annual,Total,From 15 to 24 years,Neither formal nor non-formal education or training,Not employed persons,Percentage,Crna Gora,2024,,,
ESTAT:EDAT_LFSE_22(1.0),16/04/26 23:00:00,Annual,Total,From 15 to 24 years,Neither formal nor non-formal education or training,Not employed persons,Percentage,North Macedonia,2024,18.2,,
ESTAT:EDAT_LFSE_22(1.0),16/04/26 23:00:00,Annual,Total,From 15 to 24 years,Neither formal nor non-formal education or training,Not employed persons,Percentage,Severna Makedonija,2024,18.2,,
ESTAT:EDAT_LFSE_22(1.0),16/04/26 23:00:00,Annual,Total,From 15 to 24 years,Neither formal nor non-formal education or training,Not employed persons,Percentage,Malta,2024,7.6,,
ESTAT:EDAT_LFSE_22(1.0),16/04/26 23:00:00,Annual,Total,From 15 to 24 years,Neither formal nor non-formal education or training,Not employed persons,Percentage,Netherlands,2024,3.6,,
ESTAT:EDAT_LFSE_22(1.0),16/04/26 23:00:00,Annual,Total,From 15 to 24 years,Neither formal nor non-formal education or training,Not employed persons,Percentage,Noord-Nederland,2024,3.9,,
ESTAT:EDAT_LFSE_22(1.0),16/04/26 23:00:00,Annual,Total,From 15 to 24 years,Neither formal nor non-formal education or training,Not employed persons,Percentage,Groningen,2024,3.8,,
ESTAT:EDAT_LFSE_22(1.0),16/04/26 23:00:00,Annual,Total,From 15 to 24 years,Neither formal nor non-formal education or training,Not employed persons,Percentage,Friesland (NL),2024,4.1,,
ESTAT:EDAT_LFSE_22(1.0),16/04/26 23:00:00,Annual,Total,From 15 to 24 years,Neither formal nor non-formal education or training,Not employed persons,Percentage,Drenthe,2024,3.7,u,
ESTAT:EDAT_LFSE_22(1.0),16/04/26 23:00:00,Annual,Total,From 15 to 24 years,Neither formal nor non-formal education or training,Not employed persons,Percentage,Oost-Nederland,2024,3.7,,
ESTAT:EDAT_LFSE_22(1.0),16/04/26 23:00:00,Annual,Total,From 15 to 24 years,Neither formal nor non-formal education or training,Not employed persons,Percentage,Overijssel,2024,4.4,,
ESTAT:EDAT_LFSE_22(1.0),16/04/26 23:00:00,Annual,Total,From 15 to 24 years,Neither formal nor non-formal education or training,Not employed persons,Percentage,Gelderland,2024,3.5,,
ESTAT:EDAT_LFSE_22(1.0),16/04/26 23:00:00,Annual,Total,From 15 to 24 years,Neither formal nor non-formal education or training,Not employed persons,Percentage,Flevoland,2024,3.0,u,
ESTAT:EDAT_LFSE_22(1.0),16/04/26 23:00:00,Annual,Total,From 15 to 24 years,Neither formal nor non-formal education or training,Not employed persons,Percentage,West-Nederland,2024,3.4,,
ESTAT:EDAT_LFSE_22(1.0),16/04/26 23:00:00,Annual,Total,From 15 to 24 years,Neither formal nor non-formal education or training,Not employed persons,Percentage,Utrecht (NUTS 2021),2024,,,
ESTAT:EDAT_LFSE_22(1.0),16/04/26 23:00:00,Annual,Total,From 15 to 24 years,Neither formal nor non-formal education or training,Not employed persons,Percentage,Noord-Holland,2024,3.2,,
ESTAT:EDAT_LFSE_22(1.0),16/04/26 23:00:00,Annual,Total,From 15 to 24 years,Neither formal nor non-formal education or training,Not employed persons,Percentage,Zuid-Holland (NUTS 2021),2024,,,
ESTAT:EDAT_LFSE_22(1.0),16/04/26 23:00:00,Annual,Total,From 15 to 24 years,Neither formal nor non-formal education or training,Not employed persons,Percentage,Zeeland,2024,4.6,u,
ESTAT:EDAT_LFSE_22(1.0),16/04/26 23:00:00,Annual,Total,From 15 to 24 years,Neither formal nor non-formal education or training,Not employed persons,Percentage,Utrecht,2024,3.0,,
ESTAT:EDAT_LFSE_22(1.0),16/04/26 23:00:00,Annual,Total,From 15 to 24 years,Neither formal nor non-formal education or training,Not employed persons,Percentage,Zuid-Holland,2024,3.5,,
ESTAT:EDAT_LFSE_22(1.0),16/04/26 23:00:00,Annual,Total,From 15 to 24 years,Neither formal nor non-formal education or training,Not employed persons,Percentage,Zuid-Nederland,2024,3.7,,
ESTAT:EDAT_LFSE_22(1.0),16/04/26 23:00:00,Annual,Total,From 15 to 24 years,Neither formal nor non-formal education or training,Not employed persons,Percentage,Noord-Brabant,2024,3.4,,
ESTAT:EDAT_LFSE_22(1.0),16/04/26 23:00:00,Annual,Total,From 15 to 24 years,Neither formal nor non-formal education or training,Not employed persons,Percentage,Limburg (NL),2024,4.5,,
ESTAT:EDAT_LFSE_22(1.0),16/04/26 23:00:00,Annual,Total,From 15 to 24 years,Neither formal nor non-formal education or training,Not employed persons,Percentage,Norway,2024,6.0,,
ESTAT:EDAT_LFSE_22(1.0),16/04/26 23:00:00,Annual,Total,From 15 to 24 years,Neither formal nor non-formal education or training,Not employed persons,Percentage,Norge,2024,6.0,,
ESTAT:EDAT_LFSE_22(1.0),16/04/26 23:00:00,Annual,Total,From 15 to 24 years,Neither formal nor non-formal education or training,Not employed persons,Percentage,Oslo og Akershus (statistical region 2016),2024,,,
ESTAT:EDAT_LFSE_22(1.0),16/04/26 23:00:00,Annual,Total,From 15 to 24 years,Neither formal nor non-formal education or training,Not employed persons,Percentage,Innlandet,2024,,u,
ESTAT:EDAT_LFSE_22(1.0),16/04/26 23:00:00,Annual,Total,From 15 to 24 years,Neither formal nor non-formal education or training,Not employed persons,Percentage,Sør-Østlandet (statistical region 2016),2024,,,
ESTAT:EDAT_LFSE_22(1.0),16/04/26 23:00:00,Annual,Total,From 15 to 24 years,Neither formal nor non-formal education or training,Not employed persons,Percentage,Agder og Rogaland (statistical region 2016),2024,,,
ESTAT:EDAT_LFSE_22(1.0),16/04/26 23:00:00,Annual,Total,From 15 to 24 years,Neither formal nor non-formal education or training,Not employed persons,Percentage,Vestlandet (statistical region 2016),2024,,,
ESTAT:EDAT_LFSE_22(1.0),16/04/26 23:00:00,Annual,Total,From 15 to 24 years,Neither formal nor non-formal education or training,Not employed persons,Percentage,Trøndelag,2024,,u,
ESTAT:EDAT_LFSE_22(1.0),16/04/26 23:00:00,Annual,Total,From 15 to 24 years,Neither formal nor non-formal education or training,Not employed persons,Percentage,Nord-Norge,2024,,u,
ESTAT:EDAT_LFSE_22(1.0),16/04/26 23:00:00,Annual,Total,From 15 to 24 years,Neither formal nor non-formal education or training,Not employed persons,Percentage,Oslo og Viken,2024,6.0,,
ESTAT:EDAT_LFSE_22(1.0),16/04/26 23:00:00,Annual,Total,From 15 to 24 years,Neither formal nor non-formal education or training,Not employed persons,Percentage,Agder og Sør-Østlandet,2024,8.1,u,
ESTAT:EDAT_LFSE_22(1.0),16/04/26 23:00:00,Annual,Total,From 15 to 24 years,Neither formal nor non-formal education or training,Not employed persons,Percentage,Vestlandet,2024,4.6,u,
ESTAT:EDAT_LFSE_22(1.0),16/04/26 23:00:00,Annual,Total,From 15 to 24 years,Neither formal nor non-formal education or training,Not employed persons,Percentage,Poland,2024,7.0,,
ESTAT:EDAT_LFSE_22(1.0),16/04/26 23:00:00,Annual,Total,From 15 to 24 years,Neither formal nor non-formal education or training,Not employed persons,Percentage,Makroregion południowy,2024,6.3,,
ESTAT:EDAT_LFSE_22(1.0),16/04/26 23:00:00,Annual,Total,From 15 to 24 years,Neither formal nor non-formal education or training,Not employed persons,Percentage,Małopolskie,2024,7.4,,
ESTAT:EDAT_LFSE_22(1.0),16/04/26 23:00:00,Annual,Total,From 15 to 24 years,Neither formal nor non-formal education or training,Not employed persons,Percentage,Śląskie,2024,5.2,,
ESTAT:EDAT_LFSE_22(1.0),16/04/26 23:00:00,Annual,Total,From 15 to 24 years,Neither formal nor non-formal education or training,Not employed persons,Percentage,Makroregion północno-zachodni,2024,6.9,,
ESTAT:EDAT_LFSE_22(1.0),16/04/26 23:00:00,Annual,Total,From 15 to 24 years,Neither formal nor non-formal education or training,Not employed persons,Percentage,Wielkopolskie,2024,6.3,,
ESTAT:EDAT_LFSE_22(1.0),16/04/26 23:00:00,Annual,Total,From 15 to 24 years,Neither formal nor non-formal education or training,Not employed persons,Percentage,Zachodniopomorskie,2024,7.7,u,
ESTAT:EDAT_LFSE_22(1.0),16/04/26 23:00:00,Annual,Total,From 15 to 24 years,Neither formal nor non-formal education or training,Not employed persons,Percentage,Lubuskie,2024,,u,
ESTAT:EDAT_LFSE_22(1.0),16/04/26 23:00:00,Annual,Total,From 15 to 24 years,Neither formal nor non-formal education or training,Not employed persons,Percentage,Makroregion południowo-zachodni,2024,7.0,,
ESTAT:EDAT_LFSE_22(1.0),16/04/26 23:00:00,Annual,Total,From 15 to 24 years,Neither formal nor non-formal education or training,Not employed persons,Percentage,Dolnośląskie,2024,6.4,u,
ESTAT:EDAT_LFSE_22(1.0),16/04/26 23:00:00,Annual,Total,From 15 to 24 years,Neither formal nor non-formal education or training,Not employed persons,Percentage,Opolskie,2024,,u,
ESTAT:EDAT_LFSE_22(1.0),16/04/26 23:00:00,Annual,Total,From 15 to 24 years,Neither formal nor non-formal education or training,Not employed persons,Percentage,Makroregion północny,2024,7.4,,
ESTAT:EDAT_LFSE_22(1.0),16/04/26 23:00:00,Annual,Total,From 15 to 24 years,Neither formal nor non-formal education or training,Not employed persons,Percentage,Kujawsko-pomorskie,2024,6.8,u,
ESTAT:EDAT_LFSE_22(1.0),16/04/26 23:00:00,Annual,Total,From 15 to 24 years,Neither formal nor non-formal education or training,Not employed persons,Percentage,Warmińsko-mazurskie,2024,9.9,u,
ESTAT:EDAT_LFSE_22(1.0),16/04/26 23:00:00,Annual,Total,From 15 to 24 years,Neither formal nor non-formal education or training,Not employed persons,Percentage,Pomorskie,2024,6.4,u,
ESTAT:EDAT_LFSE_22(1.0),16/04/26 23:00:00,Annual,Total,From 15 to 24 years,Neither formal nor non-formal education or training,Not employed persons,Percentage,Makroregion centralny,2024,8.1,,
ESTAT:EDAT_LFSE_22(1.0),16/04/26 23:00:00,Annual,Total,From 15 to 24 years,Neither formal nor non-formal education or training,Not employed persons,Percentage,Łódzkie,2024,8.3,u,
ESTAT:EDAT_LFSE_22(1.0),16/04/26 23:00:00,Annual,Total,From 15 to 24 years,Neither formal nor non-formal education or training,Not employed persons,Percentage,Świętokrzyskie,2024,,u,
ESTAT:EDAT_LFSE_22(1.0),16/04/26 23:00:00,Annual,Total,From 15 to 24 years,Neither formal nor non-formal education or training,Not employed persons,Percentage,Makroregion wschodni,2024,8.6,,
ESTAT:EDAT_LFSE_22(1.0),16/04/26 23:00:00,Annual,Total,From 15 to 24 years,Neither formal nor non-formal education or training,Not employed persons,Percentage,Lubelskie,2024,7.9,u,
ESTAT:EDAT_LFSE_22(1.0),16/04/26 23:00:00,Annual,Total,From 15 to 24 years,Neither formal nor non-formal education or training,Not employed persons,Percentage,Podkarpackie,2024,9.9,,
ESTAT:EDAT_LFSE_22(1.0),16/04/26 23:00:00,Annual,Total,From 15 to 24 years,Neither formal nor non-formal education or training,Not employed persons,Percentage,Podlaskie,2024,,u,
ESTAT:EDAT_LFSE_22(1.0),16/04/26 23:00:00,Annual,Total,From 15 to 24 years,Neither formal nor non-formal education or training,Not employed persons,Percentage,Makroregion województwo mazowieckie,2024,5.2,,
ESTAT:EDAT_LFSE_22(1.0),16/04/26 23:00:00,Annual,Total,From 15 to 24 years,Neither formal nor non-formal education or training,Not employed persons,Percentage,Warszawski stołeczny,2024,3.7,u,
ESTAT:EDAT_LFSE_22(1.0),16/04/26 23:00:00,Annual,Total,From 15 to 24 years,Neither formal nor non-formal education or training,Not employed persons,Percentage,Mazowiecki regionalny,2024,7.0,u,
ESTAT:EDAT_LFSE_22(1.0),16/04/26 23:00:00,Annual,Total,From 15 to 24 years,Neither formal nor non-formal education or training,Not employed persons,Percentage,Portugal,2024,7.8,,
ESTAT:EDAT_LFSE_22(1.0),16/04/26 23:00:00,Annual,Total,From 15 to 24 years,Neither formal nor non-formal education or training,Not employed persons,Percentage,Continente,2024,7.6,,
ESTAT:EDAT_LFSE_22(1.0),16/04/26 23:00:00,Annual,Total,From 15 to 24 years,Neither formal nor non-formal education or training,Not employed persons,Percentage,Norte,2024,7.4,,
ESTAT:EDAT_LFSE_22(1.0),16/04/26 23:00:00,Annual,Total,From 15 to 24 years,Neither formal nor non-formal education or training,Not employed persons,Percentage,Algarve,2024,8.9,u,
ESTAT:EDAT_LFSE_22(1.0),16/04/26 23:00:00,Annual,Total,From 15 to 24 years,Neither formal nor non-formal education or training,Not employed persons,Percentage,Centro (PT) (NUTS 2021),2024,,,
ESTAT:EDAT_LFSE_22(1.0),16/04/26 23:00:00,Annual,Total,From 15 to 24 years,Neither formal nor non-formal education or training,Not employed persons,Percentage,Área Metropolitana de Lisboa (NUTS 2021),2024,,,
ESTAT:EDAT_LFSE_22(1.0),16/04/26 23:00:00,Annual,Total,From 15 to 24 years,Neither formal nor non-formal education or training,Not employed persons,Percentage,Alentejo (NUTS 2021),2024,,,
ESTAT:EDAT_LFSE_22(1.0),16/04/26 23:00:00,Annual,Total,From 15 to 24 years,Neither formal nor non-formal education or training,Not employed persons,Percentage,Centro (PT),2024,7.1,,
ESTAT:EDAT_LFSE_22(1.0),16/04/26 23:00:00,Annual,Total,From 15 to 24 years,Neither formal nor non-formal education or training,Not employed persons,Percentage,Grande Lisboa,2024,7.5,,
ESTAT:EDAT_LFSE_22(1.0),16/04/26 23:00:00,Annual,Total,From 15 to 24 years,Neither formal nor non-formal education or training,Not employed persons,Percentage,Península de Setúbal,2024,8.3,u,
ESTAT:EDAT_LFSE_22(1.0),16/04/26 23:00:00,Annual,Total,From 15 to 24 years,Neither formal nor non-formal education or training,Not employed persons,Percentage,Alentejo,2024,10.0,u,
ESTAT:EDAT_LFSE_22(1.0),16/04/26 23:00:00,Annual,Total,From 15 to 24 years,Neither formal nor non-formal education or training,Not employed persons,Percentage,Oeste e Vale do Tejo,2024,7.0,u,
ESTAT:EDAT_LFSE_22(1.0),16/04/26 23:00:00,Annual,Total,From 15 to 24 years,Neither formal nor non-formal education or training,Not employed persons,Percentage,Região Autónoma dos Açores,2024,12.1,u,
ESTAT:EDAT_LFSE_22(1.0),16/04/26 23:00:00,Annual,Total,From 15 to 24 years,Neither formal nor non-formal education or training,Not employed persons,Percentage,Região Autónoma da Madeira,2024,,u,
ESTAT:EDAT_LFSE_22(1.0),16/04/26 23:00:00,Annual,Total,From 15 to 24 years,Neither formal nor non-formal education or training,Not employed persons,Percentage,Romania,2024,17.0,,
ESTAT:EDAT_LFSE_22(1.0),16/04/26 23:00:00,Annual,Total,From 15 to 24 years,Neither formal nor non-formal education or training,Not employed persons,Percentage,Macroregiunea Unu,2024,18.1,,
ESTAT:EDAT_LFSE_22(1.0),16/04/26 23:00:00,Annual,Total,From 15 to 24 years,Neither formal nor non-formal education or training,Not employed persons,Percentage,Nord-Vest,2024,14.5,,
ESTAT:EDAT_LFSE_22(1.0),16/04/26 23:00:00,Annual,Total,From 15 to 24 years,Neither formal nor non-formal education or training,Not employed persons,Percentage,Centru,2024,22.0,,
ESTAT:EDAT_LFSE_22(1.0),16/04/26 23:00:00,Annual,Total,From 15 to 24 years,Neither formal nor non-formal education or training,Not employed persons,Percentage,Macroregiunea Doi,2024,18.8,,
ESTAT:EDAT_LFSE_22(1.0),16/04/26 23:00:00,Annual,Total,From 15 to 24 years,Neither formal nor non-formal education or training,Not employed persons,Percentage,Nord-Est,2024,14.5,,
ESTAT:EDAT_LFSE_22(1.0),16/04/26 23:00:00,Annual,Total,From 15 to 24 years,Neither formal nor non-formal education or training,Not employed persons,Percentage,Sud-Est,2024,25.5,,
ESTAT:EDAT_LFSE_22(1.0),16/04/26 23:00:00,Annual,Total,From 15 to 24 years,Neither formal nor non-formal education or training,Not employed persons,Percentage,Macroregiunea Trei,2024,14.7,,
ESTAT:EDAT_LFSE_22(1.0),16/04/26 23:00:00,Annual,Total,From 15 to 24 years,Neither formal nor non-formal education or training,Not employed persons,Percentage,Sud-Muntenia,2024,19.5,,
ESTAT:EDAT_LFSE_22(1.0),16/04/26 23:00:00,Annual,Total,From 15 to 24 years,Neither formal nor non-formal education or training,Not employed persons,Percentage,Bucureşti-Ilfov,2024,7.8,,
ESTAT:EDAT_LFSE_22(1.0),16/04/26 23:00:00,Annual,Total,From 15 to 24 years,Neither formal nor non-formal education or training,Not employed persons,Percentage,Macroregiunea Patru,2024,15.6,,
ESTAT:EDAT_LFSE_22(1.0),16/04/26 23:00:00,Annual,Total,From 15 to 24 years,Neither formal nor non-formal education or training,Not employed persons,Percentage,Sud-Vest Oltenia,2024,21.1,,
ESTAT:EDAT_LFSE_22(1.0),16/04/26 23:00:00,Annual,Total,From 15 to 24 years,Neither formal nor non-formal education or training,Not employed persons,Percentage,Vest,2024,9.4,,
ESTAT:EDAT_LFSE_22(1.0),16/04/26 23:00:00,Annual,Total,From 15 to 24 years,Neither formal nor non-formal education or training,Not employed persons,Percentage,Serbia,2024,12.9,,
ESTAT:EDAT_LFSE_22(1.0),16/04/26 23:00:00,Annual,Total,From 15 to 24 years,Neither formal nor non-formal education or training,Not employed persons,Percentage,Srbija - sever,2024,12.2,,
ESTAT:EDAT_LFSE_22(1.0),16/04/26 23:00:00,Annual,Total,From 15 to 24 years,Neither formal nor non-formal education or training,Not employed persons,Percentage,Beogradski region,2024,11.6,,
ESTAT:EDAT_LFSE_22(1.0),16/04/26 23:00:00,Annual,Total,From 15 to 24 years,Neither formal nor non-formal education or training,Not employed persons,Percentage,Region Vojvodine,2024,12.8,,
ESTAT:EDAT_LFSE_22(1.0),16/04/26 23:00:00,Annual,Total,From 15 to 24 years,Neither formal nor non-formal education or training,Not employed persons,Percentage,Srbija - jug,2024,13.6,,
ESTAT:EDAT_LFSE_22(1.0),16/04/26 23:00:00,Annual,Total,From 15 to 24 years,Neither formal nor non-formal education or training,Not employed persons,Percentage,Region Sumadije i Zapadne Srbije,2024,12.0,,
ESTAT:EDAT_LFSE_22(1.0),16/04/26 23:00:00,Annual,Total,From 15 to 24 years,Neither formal nor non-formal education or training,Not employed persons,Percentage,Region Juzne i Istocne Srbije,2024,15.8,,
ESTAT:EDAT_LFSE_22(1.0),16/04/26 23:00:00,Annual,Total,From 15 to 24 years,Neither formal nor non-formal education or training,Not employed persons,Percentage,Sweden,2024,5.5,,
ESTAT:EDAT_LFSE_22(1.0),16/04/26 23:00:00,Annual,Total,From 15 to 24 years,Neither formal nor non-formal education or training,Not employed persons,Percentage,Östra Sverige,2024,5.8,,
ESTAT:EDAT_LFSE_22(1.0),16/04/26 23:00:00,Annual,Total,From 15 to 24 years,Neither formal nor non-formal education or training,Not employed persons,Percentage,Stockholm,2024,5.1,,
ESTAT:EDAT_LFSE_22(1.0),16/04/26 23:00:00,Annual,Total,From 15 to 24 years,Neither formal nor non-formal education or training,Not employed persons,Percentage,Östra Mellansverige,2024,6.6,,
ESTAT:EDAT_LFSE_22(1.0),16/04/26 23:00:00,Annual,Total,From 15 to 24 years,Neither formal nor non-formal education or training,Not employed persons,Percentage,Södra Sverige,2024,5.2,,
ESTAT:EDAT_LFSE_22(1.0),16/04/26 23:00:00,Annual,Total,From 15 to 24 years,Neither formal nor non-formal education or training,Not employed persons,Percentage,Småland med öarna,2024,4.7,u,
ESTAT:EDAT_LFSE_22(1.0),16/04/26 23:00:00,Annual,Total,From 15 to 24 years,Neither formal nor non-formal education or training,Not employed persons,Percentage,Sydsverige,2024,5.5,,
ESTAT:EDAT_LFSE_22(1.0),16/04/26 23:00:00,Annual,Total,From 15 to 24 years,Neither formal nor non-formal education or training,Not employed persons,Percentage,Västsverige,2024,5.2,,
ESTAT:EDAT_LFSE_22(1.0),16/04/26 23:00:00,Annual,Total,From 15 to 24 years,Neither formal nor non-formal education or training,Not employed persons,Percentage,Norra Sverige,2024,5.6,,
ESTAT:EDAT_LFSE_22(1.0),16/04/26 23:00:00,Annual,Total,From 15 to 24 years,Neither formal nor non-formal education or training,Not employed persons,Percentage,Norra Mellansverige,2024,6.0,u,
ESTAT:EDAT_LFSE_22(1.0),16/04/26 23:00:00,Annual,Total,From 15 to 24 years,Neither formal nor non-formal education or training,Not employed persons,Percentage,Mellersta Norrland,2024,,u,
ESTAT:EDAT_LFSE_22(1.0),16/04/26 23:00:00,Annual,Total,From 15 to 24 years,Neither formal nor non-formal education or training,Not employed persons,Percentage,Övre Norrland,2024,,u,
ESTAT:EDAT_LFSE_22(1.0),16/04/26 23:00:00,Annual,Total,From 15 to 24 years,Neither formal nor non-formal education or training,Not employed persons,Percentage,Slovenia,2024,7.1,,
ESTAT:EDAT_LFSE_22(1.0),16/04/26 23:00:00,Annual,Total,From 15 to 24 years,Neither formal nor non-formal education or training,Not employed persons,Percentage,Slovenija,2024,7.1,,
ESTAT:EDAT_LFSE_22(1.0),16/04/26 23:00:00,Annual,Total,From 15 to 24 years,Neither formal nor non-formal education or training,Not employed persons,Percentage,Vzhodna Slovenija (NUTS 2010),2024,,,
ESTAT:EDAT_LFSE_22(1.0),16/04/26 23:00:00,Annual,Total,From 15 to 24 years,Neither formal nor non-formal education or training,Not employed persons,Percentage,Zahodna Slovenija (NUTS 2010),2024,,,
ESTAT:EDAT_LFSE_22(1.0),16/04/26 23:00:00,Annual,Total,From 15 to 24 years,Neither formal nor non-formal education or training,Not employed persons,Percentage,Vzhodna Slovenija,2024,7.7,,
ESTAT:EDAT_LFSE_22(1.0),16/04/26 23:00:00,Annual,Total,From 15 to 24 years,Neither formal nor non-formal education or training,Not employed persons,Percentage,Zahodna Slovenija,2024,6.6,,
ESTAT:EDAT_LFSE_22(1.0),16/04/26 23:00:00,Annual,Total,From 15 to 24 years,Neither formal nor non-formal education or training,Not employed persons,Percentage,Slovakia,2024,8.7,,
ESTAT:EDAT_LFSE_22(1.0),16/04/26 23:00:00,Annual,Total,From 15 to 24 years,Neither formal nor non-formal education or training,Not employed persons,Percentage,Slovensko,2024,8.7,,
ESTAT:EDAT_LFSE_22(1.0),16/04/26 23:00:00,Annual,Total,From 15 to 24 years,Neither formal nor non-formal education or training,Not employed persons,Percentage,Bratislavský kraj,2024,,u,
ESTAT:EDAT_LFSE_22(1.0),16/04/26 23:00:00,Annual,Total,From 15 to 24 years,Neither formal nor non-formal education or training,Not employed persons,Percentage,Západné Slovensko,2024,4.3,u,
ESTAT:EDAT_LFSE_22(1.0),16/04/26 23:00:00,Annual,Total,From 15 to 24 years,Neither formal nor non-formal education or training,Not employed persons,Percentage,Stredné Slovensko,2024,7.4,,
ESTAT:EDAT_LFSE_22(1.0),16/04/26 23:00:00,Annual,Total,From 15 to 24 years,Neither formal nor non-formal education or training,Not employed persons,Percentage,Východné Slovensko,2024,15.5,,
ESTAT:EDAT_LFSE_22(1.0),16/04/26 23:00:00,Annual,Total,From 15 to 24 years,Neither formal nor non-formal education or training,Not employed persons,Percentage,Türkiye,2024,22.9,,
ESTAT:EDAT_LFSE_22(1.0),16/04/26 23:00:00,Annual,Total,From 15 to 24 years,Neither formal nor non-formal education or training,Not employed persons,Percentage,İstanbul,2024,15.9,,
ESTAT:EDAT_LFSE_22(1.0),16/04/26 23:00:00,Annual,Total,From 15 to 24 years,Neither formal nor non-formal education or training,Not employed persons,Percentage,Batı Marmara,2024,20.4,,
ESTAT:EDAT_LFSE_22(1.0),16/04/26 23:00:00,Annual,Total,From 15 to 24 years,Neither formal nor non-formal education or training,Not employed persons,Percentage,"Tekirdağ, Edirne, Kırklareli",2024,23.3,,
ESTAT:EDAT_LFSE_22(1.0),16/04/26 23:00:00,Annual,Total,From 15 to 24 years,Neither formal nor non-formal education or training,Not employed persons,Percentage,"Balıkesir, Çanakkale",2024,16.9,,
ESTAT:EDAT_LFSE_22(1.0),16/04/26 23:00:00,Annual,Total,From 15 to 24 years,Neither formal nor non-formal education or training,Not employed persons,Percentage,Ege,2024,19.5,,
ESTAT:EDAT_LFSE_22(1.0),16/04/26 23:00:00,Annual,Total,From 15 to 24 years,Neither formal nor non-formal education or training,Not employed persons,Percentage,İzmir,2024,18.3,,
ESTAT:EDAT_LFSE_22(1.0),16/04/26 23:00:00,Annual,Total,From 15 to 24 years,Neither formal nor non-formal education or training,Not employed persons,Percentage,"Aydın, Denizli, Muğla",2024,19.8,,
ESTAT:EDAT_LFSE_22(1.0),16/04/26 23:00:00,Annual,Total,From 15 to 24 years,Neither formal nor non-formal education or training,Not employed persons,Percentage,"Manisa, Afyonkarahisar, Kütahya, Uşak",2024,21.1,,
ESTAT:EDAT_LFSE_22(1.0),16/04/26 23:00:00,Annual,Total,From 15 to 24 years,Neither formal nor non-formal education or training,Not employed persons,Percentage,Doğu Marmara,2024,21.4,,
ESTAT:EDAT_LFSE_22(1.0),16/04/26 23:00:00,Annual,Total,From 15 to 24 years,Neither formal nor non-formal education or training,Not employed persons,Percentage,"Bursa, Eskişehir, Bilecik",2024,22.5,,
ESTAT:EDAT_LFSE_22(1.0),16/04/26 23:00:00,Annual,Total,From 15 to 24 years,Neither formal nor non-formal education or training,Not employed persons,Percentage,"Kocaeli, Sakarya, Düzce, Bolu, Yalova",2024,20.3,,
ESTAT:EDAT_LFSE_22(1.0),16/04/26 23:00:00,Annual,Total,From 15 to 24 years,Neither formal nor non-formal education or training,Not employed persons,Percentage,Batı Anadolu,2024,19.6,,
ESTAT:EDAT_LFSE_22(1.0),16/04/26 23:00:00,Annual,Total,From 15 to 24 years,Neither formal nor non-formal education or training,Not employed persons,Percentage,Ankara,2024,18.3,,
ESTAT:EDAT_LFSE_22(1.0),16/04/26 23:00:00,Annual,Total,From 15 to 24 years,Neither formal nor non-formal education or training,Not employed persons,Percentage,"Konya, Karaman",2024,22.2,,
ESTAT:EDAT_LFSE_22(1.0),16/04/26 23:00:00,Annual,Total,From 15 to 24 years,Neither formal nor non-formal education or training,Not employed persons,Percentage,Akdeniz,2024,23.0,,
ESTAT:EDAT_LFSE_22(1.0),16/04/26 23:00:00,Annual,Total,From 15 to 24 years,Neither formal nor non-formal education or training,Not employed persons,Percentage,"Antalya, Isparta, Burdur",2024,16.7,,
ESTAT:EDAT_LFSE_22(1.0),16/04/26 23:00:00,Annual,Total,From 15 to 24 years,Neither formal nor non-formal education or training,Not employed persons,Percentage,"Adana, Mersin",2024,24.2,,
ESTAT:EDAT_LFSE_22(1.0),16/04/26 23:00:00,Annual,Total,From 15 to 24 years,Neither formal nor non-formal education or training,Not employed persons,Percentage,"Hatay, Kahramanmaraş, Osmaniye",2024,26.9,,
ESTAT:EDAT_LFSE_22(1.0),16/04/26 23:00:00,Annual,Total,From 15 to 24 years,Neither formal nor non-formal education or training,Not employed persons,Percentage,Orta Anadolu,2024,24.7,,
ESTAT:EDAT_LFSE_22(1.0),16/04/26 23:00:00,Annual,Total,From 15 to 24 years,Neither formal nor non-formal education or training,Not employed persons,Percentage,"Kırıkkale, Aksaray, Niğde, Nevşehir, Kırşehir",2024,24.7,,
ESTAT:EDAT_LFSE_22(1.0),16/04/26 23:00:00,Annual,Total,From 15 to 24 years,Neither formal nor non-formal education or training,Not employed persons,Percentage,"Kayseri, Sivas, Yozgat",2024,24.7,,
ESTAT:EDAT_LFSE_22(1.0),16/04/26 23:00:00,Annual,Total,From 15 to 24 years,Neither formal nor non-formal education or training,Not employed persons,Percentage,Batı Karadeniz,2024,19.9,,
ESTAT:EDAT_LFSE_22(1.0),16/04/26 23:00:00,Annual,Total,From 15 to 24 years,Neither formal nor non-formal education or training,Not employed persons,Percentage,"Zonguldak, Karabük, Bartın",2024,19.8,,
ESTAT:EDAT_LFSE_22(1.0),16/04/26 23:00:00,Annual,Total,From 15 to 24 years,Neither formal nor non-formal education or training,Not employed persons,Percentage,"Kastamonu, Çankırı, Sinop",2024,14.3,,
ESTAT:EDAT_LFSE_22(1.0),16/04/26 23:00:00,Annual,Total,From 15 to 24 years,Neither formal nor non-formal education or training,Not employed persons,Percentage,"Samsun, Tokat, Çorum, Amasya",2024,21.4,,
ESTAT:EDAT_LFSE_22(1.0),16/04/26 23:00:00,Annual,Total,From 15 to 24 years,Neither formal nor non-formal education or training,Not employed persons,Percentage,Doğu Karadeniz,2024,23.8,,
ESTAT:EDAT_LFSE_22(1.0),16/04/26 23:00:00,Annual,Total,From 15 to 24 years,Neither formal nor non-formal education or training,Not employed persons,Percentage,"Trabzon, Ordu, Giresun, Rize, Artvin, Gümüşhane",2024,23.8,,
ESTAT:EDAT_LFSE_22(1.0),16/04/26 23:00:00,Annual,Total,From 15 to 24 years,Neither formal nor non-formal education or training,Not employed persons,Percentage,Kuzeydoğu Anadolu,2024,27.8,,
ESTAT:EDAT_LFSE_22(1.0),16/04/26 23:00:00,Annual,Total,From 15 to 24 years,Neither formal nor non-formal education or training,Not employed persons,Percentage,"Erzurum, Erzincan, Bayburt",2024,22.8,,
ESTAT:EDAT_LFSE_22(1.0),16/04/26 23:00:00,Annual,Total,From 15 to 24 years,Neither formal nor non-formal education or training,Not employed persons,Percentage,"Ağrı, Kars, Iğdır, Ardahan",2024,32.0,,
ESTAT:EDAT_LFSE_22(1.0),16/04/26 23:00:00,Annual,Total,From 15 to 24 years,Neither formal nor non-formal education or training,Not employed persons,Percentage,Ortadoğu Anadolu,2024,34.7,,
ESTAT:EDAT_LFSE_22(1.0),16/04/26 23:00:00,Annual,Total,From 15 to 24 years,Neither formal nor non-formal education or training,Not employed persons,Percentage,"Malatya, Elazığ, Bingöl, Tunceli",2024,28.0,,
ESTAT:EDAT_LFSE_22(1.0),16/04/26 23:00:00,Annual,Total,From 15 to 24 years,Neither formal nor non-formal education or training,Not employed persons,Percentage,"Van, Muş, Bitlis, Hakkari",2024,38.7,,
ESTAT:EDAT_LFSE_22(1.0),16/04/26 23:00:00,Annual,Total,From 15 to 24 years,Neither formal nor non-formal education or training,Not employed persons,Percentage,Güneydoğu Anadolu,2024,32.8,,
ESTAT:EDAT_LFSE_22(1.0),16/04/26 23:00:00,Annual,Total,From 15 to 24 years,Neither formal nor non-formal education or training,Not employed persons,Percentage,"Gaziantep, Adıyaman, Kilis",2024,27.4,,
ESTAT:EDAT_LFSE_22(1.0),16/04/26 23:00:00,Annual,Total,From 15 to 24 years,Neither formal nor non-formal education or training,Not employed persons,Percentage,"Şanlıurfa, Diyarbakır",2024,38.8,,
ESTAT:EDAT_LFSE_22(1.0),16/04/26 23:00:00,Annual,Total,From 15 to 24 years,Neither formal nor non-formal education or training,Not employed persons,Percentage,"Mardin, Batman, Şırnak, Siirt",2024,27.7,,
ESTAT:EDAT_LFSE_22(1.0),16/04/26 23:00:00,Annual,Total,From 15 to 24 years,Neither formal nor non-formal education or training,Not employed persons,Percentage,United Kingdom,2024,,,
ESTAT:EDAT_LFSE_22(1.0),16/04/26 23:00:00,Annual,Total,From 15 to 24 years,Neither formal nor non-formal education or training,Not employed persons,Percentage,North East (UK) (NUTS 2021),2024,,,
ESTAT:EDAT_LFSE_22(1.0),16/04/26 23:00:00,Annual,Total,From 15 to 24 years,Neither formal nor non-formal education or training,Not employed persons,Percentage,Tees Valley and Durham (NUTS 2021),2024,,,
ESTAT:EDAT_LFSE_22(1.0),16/04/26 23:00:00,Annual,Total,From 15 to 24 years,Neither formal nor non-formal education or training,Not employed persons,Percentage,Northumberland and Tyne and Wear (NUTS 2021),2024,,,
ESTAT:EDAT_LFSE_22(1.0),16/04/26 23:00:00,Annual,Total,From 15 to 24 years,Neither formal nor non-formal education or training,Not employed persons,Percentage,North West (UK) (NUTS 2021),2024,,,
ESTAT:EDAT_LFSE_22(1.0),16/04/26 23:00:00,Annual,Total,From 15 to 24 years,Neither formal nor non-formal education or training,Not employed persons,Percentage,Cumbria (NUTS 2021),2024,,,
ESTAT:EDAT_LFSE_22(1.0),16/04/26 23:00:00,Annual,Total,From 15 to 24 years,Neither formal nor non-formal education or training,Not employed persons,Percentage,Greater Manchester (NUTS 2021),2024,,,
ESTAT:EDAT_LFSE_22(1.0),16/04/26 23:00:00,Annual,Total,From 15 to 24 years,Neither formal nor non-formal education or training,Not employed persons,Percentage,Lancashire (NUTS 2021),2024,,,
ESTAT:EDAT_LFSE_22(1.0),16/04/26 23:00:00,Annual,Total,From 15 to 24 years,Neither formal nor non-formal education or training,Not employed persons,Percentage,Cheshire (NUTS 2021),2024,,,
ESTAT:EDAT_LFSE_22(1.0),16/04/26 23:00:00,Annual,Total,From 15 to 24 years,Neither formal nor non-formal education or training,Not employed persons,Percentage,Merseyside (NUTS 2021),2024,,,
ESTAT:EDAT_LFSE_22(1.0),16/04/26 23:00:00,Annual,Total,From 15 to 24 years,Neither formal nor non-formal education or training,Not employed persons,Percentage,Yorkshire and The Humber (NUTS 2021),2024,,,
ESTAT:EDAT_LFSE_22(1.0),16/04/26 23:00:00,Annual,Total,From 15 to 24 years,Neither formal nor non-formal education or training,Not employed persons,Percentage,East Yorkshire and Northern Lincolnshire (NUTS 2021),2024,,,
ESTAT:EDAT_LFSE_22(1.0),16/04/26 23:00:00,Annual,Total,From 15 to 24 years,Neither formal nor non-formal education or training,Not employed persons,Percentage,North Yorkshire (NUTS 2021),2024,,,
ESTAT:EDAT_LFSE_22(1.0),16/04/26 23:00:00,Annual,Total,From 15 to 24 years,Neither formal nor non-formal education or training,Not employed persons,Percentage,South Yorkshire (NUTS 2021),2024,,,
ESTAT:EDAT_LFSE_22(1.0),16/04/26 23:00:00,Annual,Total,From 15 to 24 years,Neither formal nor non-formal education or training,Not employed persons,Percentage,West Yorkshire (NUTS 2021),2024,,,
ESTAT:EDAT_LFSE_22(1.0),16/04/26 23:00:00,Annual,Total,From 15 to 24 years,Neither formal nor non-formal education or training,Not employed persons,Percentage,East Midlands (UK) (NUTS 2021),2024,,,
ESTAT:EDAT_LFSE_22(1.0),16/04/26 23:00:00,Annual,Total,From 15 to 24 years,Neither formal nor non-formal education or training,Not employed persons,Percentage,Derbyshire and Nottinghamshire (NUTS 2021),2024,,,
ESTAT:EDAT_LFSE_22(1.0),16/04/26 23:00:00,Annual,Total,From 15 to 24 years,Neither formal nor non-formal education or training,Not employed persons,Percentage,"Leicestershire, Rutland and Northamptonshire (NUTS 2021)",2024,,,
ESTAT:EDAT_LFSE_22(1.0),16/04/26 23:00:00,Annual,Total,From 15 to 24 years,Neither formal nor non-formal education or training,Not employed persons,Percentage,Lincolnshire (NUTS 2021),2024,,,
ESTAT:EDAT_LFSE_22(1.0),16/04/26 23:00:00,Annual,Total,From 15 to 24 years,Neither formal nor non-formal education or training,Not employed persons,Percentage,West Midlands (UK) (NUTS 2021),2024,,,
ESTAT:EDAT_LFSE_22(1.0),16/04/26 23:00:00,Annual,Total,From 15 to 24 years,Neither formal nor non-formal education or training,Not employed persons,Percentage,"Herefordshire, Worcestershire and Warwickshire (NUTS 2021)",2024,,,
ESTAT:EDAT_LFSE_22(1.0),16/04/26 23:00:00,Annual,Total,From 15 to 24 years,Neither formal nor non-formal education or training,Not employed persons,Percentage,Shropshire and Staffordshire (NUTS 2021),2024,,,
ESTAT:EDAT_LFSE_22(1.0),16/04/26 23:00:00,Annual,Total,From 15 to 24 years,Neither formal nor non-formal education or training,Not employed persons,Percentage,West Midlands (NUTS 2021),2024,,,
ESTAT:EDAT_LFSE_22(1.0),16/04/26 23:00:00,Annual,Total,From 15 to 24 years,Neither formal nor non-formal education or training,Not employed persons,Percentage,East of England (NUTS 2021),2024,,,
ESTAT:EDAT_LFSE_22(1.0),16/04/26 23:00:00,Annual,Total,From 15 to 24 years,Neither formal nor non-formal education or training,Not employed persons,Percentage,East Anglia (NUTS 2021),2024,,,
ESTAT:EDAT_LFSE_22(1.0),16/04/26 23:00:00,Annual,Total,From 15 to 24 years,Neither formal nor non-formal education or training,Not employed persons,Percentage,Bedfordshire and Hertfordshire (NUTS 2021),2024,,,
ESTAT:EDAT_LFSE_22(1.0),16/04/26 23:00:00,Annual,Total,From 15 to 24 years,Neither formal nor non-formal education or training,Not employed persons,Percentage,Essex (NUTS 2021),2024,,,
ESTAT:EDAT_LFSE_22(1.0),16/04/26 23:00:00,Annual,Total,From 15 to 24 years,Neither formal nor non-formal education or training,Not employed persons,Percentage,London (NUTS 2021),2024,,,
ESTAT:EDAT_LFSE_22(1.0),16/04/26 23:00:00,Annual,Total,From 15 to 24 years,Neither formal nor non-formal education or training,Not employed persons,Percentage,Inner London (NUTS 2010),2024,,,
ESTAT:EDAT_LFSE_22(1.0),16/04/26 23:00:00,Annual,Total,From 15 to 24 years,Neither formal nor non-formal education or training,Not employed persons,Percentage,Outer London (NUTS 2010),2024,,,
ESTAT:EDAT_LFSE_22(1.0),16/04/26 23:00:00,Annual,Total,From 15 to 24 years,Neither formal nor non-formal education or training,Not employed persons,Percentage,Inner London - West (NUTS 2021),2024,,,
ESTAT:EDAT_LFSE_22(1.0),16/04/26 23:00:00,Annual,Total,From 15 to 24 years,Neither formal nor non-formal education or training,Not employed persons,Percentage,Inner London - East (NUTS 2021),2024,,,
ESTAT:EDAT_LFSE_22(1.0),16/04/26 23:00:00,Annual,Total,From 15 to 24 years,Neither formal nor non-formal education or training,Not employed persons,Percentage,Outer London - East and North East (NUTS 2021),2024,,,
ESTAT:EDAT_LFSE_22(1.0),16/04/26 23:00:00,Annual,Total,From 15 to 24 years,Neither formal nor non-formal education or training,Not employed persons,Percentage,Outer London - South (NUTS 2021),2024,,,
ESTAT:EDAT_LFSE_22(1.0),16/04/26 23:00:00,Annual,Total,From 15 to 24 years,Neither formal nor non-formal education or training,Not employed persons,Percentage,Outer London - West and North West (NUTS 2021),2024,,,
ESTAT:EDAT_LFSE_22(1.0),16/04/26 23:00:00,Annual,Total,From 15 to 24 years,Neither formal nor non-formal education or training,Not employed persons,Percentage,South East (UK) (NUTS 2021),2024,,,
ESTAT:EDAT_LFSE_22(1.0),16/04/26 23:00:00,Annual,Total,From 15 to 24 years,Neither formal nor non-formal education or training,Not employed persons,Percentage,"Berkshire, Buckinghamshire and Oxfordshire (NUTS 2021)",2024,,,
ESTAT:EDAT_LFSE_22(1.0),16/04/26 23:00:00,Annual,Total,From 15 to 24 years,Neither formal nor non-formal education or training,Not employed persons,Percentage,"Surrey, East and West Sussex (NUTS 2021)",2024,,,
ESTAT:EDAT_LFSE_22(1.0),16/04/26 23:00:00,Annual,Total,From 15 to 24 years,Neither formal nor non-formal education or training,Not employed persons,Percentage,Hampshire and Isle of Wight (NUTS 2021),2024,,,
ESTAT:EDAT_LFSE_22(1.0),16/04/26 23:00:00,Annual,Total,From 15 to 24 years,Neither formal nor non-formal education or training,Not employed persons,Percentage,Kent (NUTS 2021),2024,,,
ESTAT:EDAT_LFSE_22(1.0),16/04/26 23:00:00,Annual,Total,From 15 to 24 years,Neither formal nor non-formal education or training,Not employed persons,Percentage,South West (UK) (NUTS 2021),2024,,,
ESTAT:EDAT_LFSE_22(1.0),16/04/26 23:00:00,Annual,Total,From 15 to 24 years,Neither formal nor non-formal education or training,Not employed persons,Percentage,"Gloucestershire, Wiltshire and Bristol/Bath area (NUTS 2021)",2024,,,
ESTAT:EDAT_LFSE_22(1.0),16/04/26 23:00:00,Annual,Total,From 15 to 24 years,Neither formal nor non-formal education or training,Not employed persons,Percentage,Dorset and Somerset (NUTS 2021),2024,,,
ESTAT:EDAT_LFSE_22(1.0),16/04/26 23:00:00,Annual,Total,From 15 to 24 years,Neither formal nor non-formal education or training,Not employed persons,Percentage,Cornwall and Isles of Scilly (NUTS 2021),2024,,,
ESTAT:EDAT_LFSE_22(1.0),16/04/26 23:00:00,Annual,Total,From 15 to 24 years,Neither formal nor non-formal education or training,Not employed persons,Percentage,Devon (NUTS 2021),2024,,,
ESTAT:EDAT_LFSE_22(1.0),16/04/26 23:00:00,Annual,Total,From 15 to 24 years,Neither formal nor non-formal education or training,Not employed persons,Percentage,Wales (NUTS 2021),2024,,,
ESTAT:EDAT_LFSE_22(1.0),16/04/26 23:00:00,Annual,Total,From 15 to 24 years,Neither formal nor non-formal education or training,Not employed persons,Percentage,West Wales and The Valleys (NUTS 2021),2024,,,
ESTAT:EDAT_LFSE_22(1.0),16/04/26 23:00:00,Annual,Total,From 15 to 24 years,Neither formal nor non-formal education or training,Not employed persons,Percentage,East Wales (NUTS 2021),2024,,,
ESTAT:EDAT_LFSE_22(1.0),16/04/26 23:00:00,Annual,Total,From 15 to 24 years,Neither formal nor non-formal education or training,Not employed persons,Percentage,Scotland (NUTS 2021),2024,,,
ESTAT:EDAT_LFSE_22(1.0),16/04/26 23:00:00,Annual,Total,From 15 to 24 years,Neither formal nor non-formal education or training,Not employed persons,Percentage,Eastern Scotland (NUTS 2013),2024,,,
ESTAT:EDAT_LFSE_22(1.0),16/04/26 23:00:00,Annual,Total,From 15 to 24 years,Neither formal nor non-formal education or training,Not employed persons,Percentage,South Western Scotland (NUTS 2013),2024,,,
ESTAT:EDAT_LFSE_22(1.0),16/04/26 23:00:00,Annual,Total,From 15 to 24 years,Neither formal nor non-formal education or training,Not employed persons,Percentage,North Eastern Scotland (NUTS 2021),2024,,,
ESTAT:EDAT_LFSE_22(1.0),16/04/26 23:00:00,Annual,Total,From 15 to 24 years,Neither formal nor non-formal education or training,Not employed persons,Percentage,Highlands and Islands (NUTS 2021),2024,,,
ESTAT:EDAT_LFSE_22(1.0),16/04/26 23:00:00,Annual,Total,From 15 to 24 years,Neither formal nor non-formal education or training,Not employed persons,Percentage,Eastern Scotland (NUTS 2021),2024,,,
ESTAT:EDAT_LFSE_22(1.0),16/04/26 23:00:00,Annual,Total,From 15 to 24 years,Neither formal nor non-formal education or training,Not employed persons,Percentage,West Central Scotland (NUTS 2021),2024,,,
ESTAT:EDAT_LFSE_22(1.0),16/04/26 23:00:00,Annual,Total,From 15 to 24 years,Neither formal nor non-formal education or training,Not employed persons,Percentage,Southern Scotland (NUTS 2021),2024,,,
ESTAT:EDAT_LFSE_22(1.0),16/04/26 23:00:00,Annual,Total,From 15 to 24 years,Neither formal nor non-formal education or training,Not employed persons,Percentage,Northern Ireland (UK) (NUTS 2021),2024,,,
